flight_id,timestamp_s,env_temperature_C,wind_speed_ms,voltage_V,current_A,battery_level_pct,speed_ms,altitude_m,current_capacity_ah,future_capacity_ah,capacity_consumption_ah
flight_002,0.0,-10.0,0.0,11.35586,20.74791,99.7525,1.0232213934432763,10.2426,1.29279,1.24289,0.049900000000000055
flight_002,1.0,-10.0,0.0,11.37828,20.10941,99.3167,2.422910006582993,10.4346,1.28716,1.238522222222222,0.048637777777778
flight_002,2.0,-10.0,0.0,11.36003,20.41103,98.8821,2.79790826332816,10.4371,1.28151,1.23398,0.04752999999999985
flight_002,3.0,-10.0,0.0,11.35594,20.33503,98.4456,2.8747048857230544,10.431000000000001,1.27585,1.22935,0.046499999999999986
flight_002,4.0,-10.0,0.0,11.54947,16.94578,98.0399,1.9991190784943251,10.803799999999999,1.2706,1.2246700000000001,0.045929999999999804
flight_002,5.0,-10.0,0.0,11.5284,16.903433333333332,97.70700000000001,2.350371491519617,10.842888888888888,1.2662777777777778,1.22003,0.04624777777777789
flight_002,6.0,-10.0,0.0,11.49774,17.402620000000002,97.3545,2.766410334711754,10.605,1.2617,1.2153800000000001,0.04631999999999992
flight_002,7.0,-10.0,0.0,11.51364,16.95608,96.9938,2.8355842713627823,10.5145,1.25702,1.21075,0.04627000000000003
flight_002,8.0,-10.0,0.0,11.5061,17.00627,96.6155,2.054775895322894,10.758199999999999,1.25214,1.2061555555555554,0.045984444444444605
flight_002,9.0,-10.0,0.0,11.52458,16.81129,96.2641,2.138608521913256,10.9715,1.24758,1.20158,0.04599999999999982
flight_002,10.0,-10.0,0.0,11.51739,16.6547,95.9013,2.727890364365841,10.647,1.24289,1.19688,0.046010000000000106
flight_002,11.0,-10.0,0.0,11.504344444444445,16.824355555555556,95.56522222222222,2.8382609242411228,10.536999999999999,1.238522222222222,1.1921599999999999,0.046362222222222194
flight_002,12.0,-10.0,0.0,11.45984,17.23414,95.2154,2.347488474945085,10.6297,1.23398,1.1873900000000002,0.04658999999999991
flight_002,13.0,-10.0,0.0,11.5048,16.44136,94.8573,1.912541306743465,11.0003,1.22935,1.18276,0.04658999999999991
flight_002,14.0,-10.0,0.0,11.473519999999999,16.68301,94.4959,2.6543254698698875,10.678799999999999,1.2246700000000001,1.1783,0.046370000000000244
flight_002,15.0,-10.0,0.0,11.471129999999999,16.765369999999997,94.1369,2.8287113567842157,10.5541,1.22003,1.1738,0.04622999999999999
flight_002,16.0,-10.0,0.0,11.453149999999999,16.96158,93.7794,2.6401046551225957,10.502,1.2153800000000001,1.16911,0.04627000000000003
flight_002,17.0,-10.0,0.0,11.4588,16.68252,93.424,0.6565508129611903,10.6125,1.21075,1.1644299999999999,0.04632000000000014
flight_002,18.0,-10.0,0.0,11.393366666666667,17.828744444444443,93.06733333333334,0.9220305222445824,10.49088888888889,1.2061555555555554,1.15967,0.04648555555555545
flight_002,19.0,-10.0,0.0,11.42998,17.05418,92.7153,0.6326223676096191,10.5056,1.20158,1.155,0.046580000000000066
flight_002,20.0,-10.0,0.0,11.43202,16.74627,92.3515,0.16384861915805088,10.5029,1.19688,1.1504555555555556,0.04642444444444438
flight_002,21.0,-10.0,0.0,11.41121,17.22628,91.9869,0.28689583475540387,10.495099999999999,1.1921599999999999,1.14604,0.04611999999999994
flight_002,22.0,-10.0,0.0,11.382200000000001,17.07801,91.6196,0.03984444754291368,10.4961,1.1873900000000002,1.14132,0.04607000000000028
flight_002,23.0,-10.0,0.0,11.408,16.5941,91.2618,0.10609943449425165,10.494,1.18276,1.13663,0.046130000000000004
flight_002,24.0,-10.0,0.0,11.384611111111111,17.191877777777776,90.91811111111112,0.04441346142281139,10.494,1.1783,1.13199,0.04630999999999985
flight_002,25.0,-10.0,0.0,11.38782,16.76387,90.5707,0.03005877575684013,10.494,1.1738,1.12727,0.04652999999999996
flight_002,26.0,-10.0,0.0,11.38162,16.839689999999997,90.2101,0.026196564660275593,10.494,1.16911,1.1227444444444443,0.04636555555555577
flight_002,27.0,-10.0,0.0,11.38092,16.96368,89.8481,0.007523961722390672,10.494,1.1644299999999999,1.1181699999999999,0.04625999999999997
flight_002,28.0,-10.0,0.0,11.33591,17.138650000000002,89.4816,0.011269871339105873,10.494,1.15967,1.11344,0.04622999999999999
flight_002,29.0,-10.0,0.0,11.36294,16.81592,89.1188,0.003301514803843836,10.494,1.155,1.10872,0.0462800000000001
flight_002,30.0,-10.0,0.0,11.32548888888889,17.27988888888889,88.77000000000001,0.004182562272159714,10.494,1.1504555555555556,1.10391,0.04654555555555562
flight_002,31.0,-10.0,0.0,11.37442,16.63877,88.4286,0.0023,10.494,1.14604,1.09922,0.04681999999999986
flight_002,32.0,-10.0,0.0,11.31815,17.14697,88.0642,0.0010770329614269007,10.494,1.14132,1.09446,0.0468599999999999
flight_002,33.0,-10.0,0.0,11.3318,16.64847,87.7037,0.0010770329614269007,10.494,1.13663,1.0899333333333334,0.04669666666666661
flight_002,34.0,-10.0,0.0,11.31902,16.892770000000002,87.3444,0.0002,10.494,1.13199,1.0854,0.04659000000000013
flight_002,35.0,-10.0,0.0,11.299800000000001,16.94014,86.9814,0.0,10.494,1.12727,1.08064,0.04662999999999995
flight_002,36.0,-10.0,0.0,11.264588888888888,17.41191111111111,86.63055555555555,0.0,10.494,1.1227444444444443,1.07584,0.046904444444444415
flight_002,37.0,-10.0,0.0,11.28362,17.11052,86.2795,0.0,10.494,1.1181699999999999,1.07109,0.04707999999999979
flight_002,38.0,-10.0,0.0,11.27297,17.158430000000003,85.9127,0.0,10.494,1.11344,1.06637,0.047069999999999945
flight_002,39.0,-10.0,0.0,11.29412,16.992359999999998,85.5486,0.0,10.494,1.10872,1.0617555555555556,0.046964444444444364
flight_002,40.0,-10.0,0.0,11.2609,17.09339,85.1781,0.0,10.494,1.10391,1.05722,0.0466899999999999
flight_002,41.0,-10.0,0.0,11.26032,16.9606,84.8169,0.0,10.494,1.09922,1.0524499999999999,0.0467700000000002
flight_002,42.0,-10.0,0.0,11.23443,17.22022,84.44930000000001,0.0,10.494,1.09446,1.0476800000000002,0.04677999999999982
flight_002,43.0,-10.0,0.0,11.22198888888889,17.240944444444445,84.1,0.0,10.494,1.0899333333333334,1.0429499999999998,0.0469833333333336
flight_002,44.0,-10.0,0.0,11.23484,17.0916,83.7503,0.0,10.494,1.0854,1.0382099999999999,0.047190000000000065
flight_002,45.0,-10.0,0.0,11.22919,17.131909999999998,83.3823,0.0,10.494,1.08064,1.0334400000000001,0.04719999999999991
flight_002,46.0,-10.0,0.0,11.217270000000001,17.17951,83.0125,0.0,10.494,1.07584,1.0289888888888887,0.04685111111111118
flight_002,47.0,-10.0,0.0,11.2116,17.10596,82.6467,0.0,10.494,1.07109,1.02438,0.04671000000000003
flight_002,48.0,-10.0,0.0,11.19084,17.185660000000002,82.2809,0.0,10.494,1.06637,1.0196200000000002,0.04674999999999985
flight_002,49.0,-10.0,0.0,11.1654,17.403933333333335,81.92677777777777,0.0,10.494,1.0617555555555556,1.01491,0.046845555555555585
flight_003,0.0,-10.0,0.0,11.42817,19.5405,99.7643,1.0170519898215626,9.9139,1.29294,1.2441,0.048839999999999995
flight_003,1.0,-10.0,0.0,11.48806,18.35698,99.36580000000001,2.4311172781254307,10.1086,1.2877800000000001,1.2403600000000001,0.04742000000000002
flight_003,2.0,-10.0,0.0,11.455400000000001,18.806379999999997,98.96340000000001,2.823209251897563,10.1109,1.28257,1.2360555555555555,0.046514444444444525
flight_003,3.0,-10.0,0.0,11.452169999999999,18.829649999999997,98.5628,2.9154045036666867,10.1045,1.27736,1.23149,0.04587000000000008
flight_003,4.0,-10.0,0.0,11.45788,18.24016,98.15700000000001,2.047799663053005,10.5076,1.27212,1.2266400000000002,0.04547999999999974
flight_003,5.0,-10.0,0.0,11.55978,16.70036,97.79650000000001,2.3727948647112336,10.6228,1.2674400000000001,1.2225899999999998,0.04485000000000028
flight_003,6.0,-10.0,0.0,11.491111111111111,17.381822222222223,97.447,2.785741431107283,10.515222222222222,1.262922222222222,1.21766,0.04526222222222209
flight_003,7.0,-10.0,0.0,11.55339,16.46405,97.0946,2.841454435671985,10.4988,1.25835,1.21261,0.045740000000000114
flight_003,8.0,-10.0,0.0,11.476859999999999,17.51639,96.7396,1.9987778866097154,10.7994,1.25375,1.2080333333333333,0.04571666666666663
flight_003,9.0,-10.0,0.0,11.49097,17.14463,96.36760000000001,2.275235077964473,10.9056,1.24893,1.20343,0.045500000000000096
flight_003,10.0,-10.0,0.0,11.5496,15.9637,95.9946,2.7630800296046436,10.6209,1.2441,1.19846,0.0456399999999999
flight_003,11.0,-10.0,0.0,11.67629,13.96815,95.7067,2.837364927181557,10.519499999999999,1.2403600000000001,1.19357,0.04679000000000011
flight_003,12.0,-10.0,0.0,11.459844444444444,17.369333333333334,95.37422222222222,2.0211300438915325,10.764444444444443,1.2360555555555555,1.1887,0.04735555555555537
flight_003,13.0,-10.0,0.0,11.47151,17.0978,95.02329999999999,2.1378238912501657,10.9353,1.23149,1.18374,0.04774999999999996
flight_003,14.0,-10.0,0.0,11.50159,16.35223,94.6477,2.7267789496033594,10.6389,1.2266400000000002,1.17877,0.04787000000000008
flight_003,15.0,-10.0,0.0,11.55958,15.66449,94.3367,2.831876955307204,10.5295,1.2225899999999998,1.174188888888889,0.048401111111110895
flight_003,16.0,-10.0,0.0,11.34778,18.70924,93.9538,2.366118192314154,10.5228,1.21766,1.1694499999999999,0.048210000000000086
flight_003,17.0,-10.0,0.0,11.43428,17.31711,93.5663,0.16152030832065667,10.609300000000001,1.21261,1.16452,0.048089999999999966
flight_003,18.0,-10.0,0.0,11.412688888888889,17.53591111111111,93.21155555555555,0.9698556720932029,10.506,1.2080333333333333,1.15963,0.048403333333333354
flight_003,19.0,-10.0,0.0,11.40932,17.44838,92.8574,0.4331929939414994,10.5305,1.20343,1.1547800000000001,0.04864999999999986
flight_003,20.0,-10.0,0.0,11.351859999999999,17.914099999999998,92.475,0.25788811527482225,10.5168,1.19846,1.14993,0.048530000000000184
flight_003,21.0,-10.0,0.0,11.40076,17.476840000000003,92.0953,0.24079640778051487,10.513200000000001,1.19357,1.1453555555555555,0.04821444444444456
flight_003,22.0,-10.0,0.0,11.34368,17.80691,91.7202,0.06675492491194938,10.5125,1.1887,1.14073,0.04797000000000007
flight_003,23.0,-10.0,0.0,11.354650000000001,17.715809999999998,91.3366,0.10455027498768237,10.511,1.18374,1.13592,0.047819999999999974
flight_003,24.0,-10.0,0.0,11.35018,17.73066,90.95599999999999,0.03652998768135571,10.511,1.17877,1.13108,0.04769000000000001
flight_003,25.0,-10.0,0.0,11.321022222222222,17.808577777777778,90.59933333333333,0.03983453430701544,10.511,1.174188888888889,1.1262,0.04798888888888886
flight_003,26.0,-10.0,0.0,11.32627,17.65147,90.2354,0.024459149617270012,10.511,1.1694499999999999,1.12137,0.0480799999999999
flight_003,27.0,-10.0,0.0,11.302420000000001,17.71536,89.85510000000001,0.013718600511714014,10.511,1.16452,1.1167222222222222,0.04779777777777783
flight_003,28.0,-10.0,0.0,11.33475,17.572,89.478,0.012015406776301833,10.511,1.15963,1.11209,0.047539999999999916
flight_003,29.0,-10.0,0.0,11.300059999999998,17.60829,89.103,0.005693856338194704,10.511,1.1547800000000001,1.10725,0.04753000000000007
flight_003,30.0,-10.0,0.0,11.3422,17.16795,88.7293,0.005020956084253277,10.511,1.14993,1.10243,0.047499999999999876
flight_003,31.0,-10.0,0.0,11.285955555555555,17.57602222222222,88.37555555555555,0.002810913475705226,10.511,1.1453555555555555,1.09758,0.04777555555555546
flight_003,32.0,-10.0,0.0,11.29555,17.38256,88.0189,0.00194164878389476,10.511,1.14073,1.09273,0.04800000000000004
flight_003,33.0,-10.0,0.0,11.316419999999999,17.2352,87.6486,0.0015297058540778355,10.511,1.13592,1.0881222222222222,0.04779777777777783
flight_003,34.0,-10.0,0.0,11.25578,17.71862,87.2745,0.001044030650891055,10.511,1.13108,1.08345,0.04763000000000006
flight_003,35.0,-10.0,0.0,11.2787,17.31991,86.8986,0.0008062257748298549,10.511,1.1262,1.07857,0.04763000000000006
flight_003,36.0,-10.0,0.0,11.26209,17.58043,86.52430000000001,0.0001,10.511,1.12137,1.07367,0.047700000000000076
flight_003,37.0,-10.0,0.0,11.23491111111111,17.487677777777776,86.1661111111111,0.0,10.511,1.1167222222222222,1.06879,0.047932222222222265
flight_003,38.0,-10.0,0.0,11.24399,17.69358,85.80879999999999,0.0,10.511,1.11209,1.064,0.048089999999999966
flight_003,39.0,-10.0,0.0,11.26764,17.239430000000002,85.4358,0.0,10.511,1.10725,1.0590600000000001,0.048189999999999955
flight_003,40.0,-10.0,0.0,11.25401,17.27834,85.0645,0.0,10.511,1.10243,1.0544333333333333,0.04799666666666669
flight_003,41.0,-10.0,0.0,11.237829999999999,17.513579999999997,84.68969999999999,0.0,10.511,1.09758,1.0497400000000001,0.04783999999999988
flight_003,42.0,-10.0,0.0,11.225249999999999,17.46358,84.3158,0.0,10.511,1.09273,1.0448499999999998,0.047880000000000145
flight_003,43.0,-10.0,0.0,11.200422222222223,17.61457777777778,83.9591111111111,0.0,10.511,1.0881222222222222,1.03996,0.04816222222222222
flight_003,44.0,-10.0,0.0,11.18317,17.82001,83.5997,0.0,10.511,1.08345,1.03506,0.04838999999999993
flight_003,45.0,-10.0,0.0,11.20458,17.44043,83.22240000000001,0.0,10.511,1.07857,1.0301,0.04847000000000001
flight_003,46.0,-10.0,0.0,11.18378,17.64636,82.8442,0.0,10.511,1.07367,1.025488888888889,0.04818111111111101
flight_003,47.0,-10.0,0.0,11.19933,17.381639999999997,82.4692,0.0,10.511,1.06879,1.02079,0.04799999999999982
flight_003,48.0,-10.0,0.0,11.16139,17.46912,82.0983,0.0,10.511,1.064,1.0159,0.04810000000000003
flight_003,49.0,-10.0,0.0,11.12574,17.773310000000002,81.7176,0.0,10.511,1.0590600000000001,1.01106,0.04800000000000004
flight_004,0.0,-10.0,5.0,11.237649999999999,22.351679999999998,99.73530000000001,1.0143666891218381,9.9351,1.29257,1.23664,0.055930000000000035
flight_004,1.0,-10.0,5.0,11.2322,22.52365,99.2568,2.429417448690118,10.1296,1.28636,1.2312100000000001,0.05514999999999981
flight_004,2.0,-10.0,5.0,11.18433,23.07002,98.7675,2.8217105273220353,10.132,1.28002,1.2259222222222224,0.05409777777777758
flight_004,3.0,-10.0,5.0,11.20603,22.71396,98.27590000000001,2.9138046022339927,10.1257,1.27366,1.22089,0.052769999999999984
flight_004,4.0,-10.0,5.0,11.352590000000001,20.091199999999997,97.8058,2.045876098398923,10.5295,1.26755,1.21551,0.052039999999999864
flight_004,5.0,-10.0,5.0,11.405190000000001,19.184710000000003,97.40119999999999,2.374661906461634,10.6371,1.26232,1.21,0.052320000000000144
flight_004,6.0,-10.0,5.0,11.327622222222223,20.464877777777776,96.99822222222222,2.7863571088917523,10.521777777777778,1.2571,1.20442,0.05268000000000006
flight_004,7.0,-10.0,5.0,11.4229,18.09016,96.6156,2.841501576631623,10.498099999999999,1.25213,1.19904,0.05308999999999986
flight_004,8.0,-10.0,5.0,11.432970000000001,17.85761,96.225,1.9948715647880695,10.8063,1.24708,1.194,0.053080000000000016
flight_004,9.0,-10.0,5.0,11.38528,18.80397,95.8324,2.2735448687017374,10.9125,1.24199,1.189,0.05298999999999987
flight_004,10.0,-10.0,5.0,11.33831,19.40043,95.4199,2.7628525729759814,10.621500000000001,1.23664,1.18381,0.05282999999999993
flight_004,11.0,-10.0,5.0,11.3201,19.57737,95.0001,2.8381667058155693,10.5135,1.2312100000000001,1.17865,0.05256000000000016
flight_004,12.0,-10.0,5.0,11.278744444444445,20.202933333333334,94.59266666666667,2.0354172745364725,10.772555555555556,1.2259222222222224,1.1735,0.05242222222222237
flight_004,13.0,-10.0,5.0,11.36875,18.67475,94.2051,2.1330952393177385,10.9503,1.22089,1.16825,0.05264000000000002
flight_004,14.0,-10.0,5.0,11.27557,19.76549,93.7896,2.7252237816370237,10.6403,1.21551,1.16296,0.0525500000000001
flight_004,15.0,-10.0,5.0,11.252559999999999,20.00516,93.36420000000001,2.833962471522868,10.523399999999999,1.21,1.1580444444444444,0.05195555555555553
flight_004,16.0,-10.0,5.0,11.25283,19.88824,92.933,2.372604986085969,10.5084,1.20442,1.15312,0.05130000000000012
flight_004,17.0,-10.0,5.0,11.31264,18.776760000000003,92.51939999999999,0.182532325904208,10.5764,1.19904,1.14786,0.05118
flight_004,18.0,-10.0,5.0,11.291355555555555,19.326333333333334,92.12977777777778,0.9678054977532838,10.472333333333333,1.194,1.1425800000000002,0.0514199999999998
flight_004,19.0,-10.0,5.0,11.30292,18.78164,91.7442,0.45771149209955386,10.497499999999999,1.189,1.1373099999999998,0.051690000000000236
flight_004,20.0,-10.0,5.0,11.29046,18.71357,91.344,0.27023787669384913,10.4855,1.18381,1.13215,0.05166000000000004
flight_004,21.0,-10.0,5.0,11.28262,18.568440000000002,90.9449,0.25717344341902804,10.482,1.17865,1.1271777777777778,0.05147222222222214
flight_004,22.0,-10.0,5.0,11.286840000000002,18.68795,90.54729999999999,0.09304627880791365,10.4816,1.1735,1.12232,0.05118
flight_004,23.0,-10.0,5.0,11.25028,18.94598,90.1421,0.11499339111444622,10.48,1.16825,1.1172,0.05105000000000004
flight_004,24.0,-10.0,5.0,11.23507,18.92631,89.735,0.052600095056948334,10.48,1.16296,1.11208,0.050880000000000036
flight_004,25.0,-10.0,5.0,11.2564,18.586022222222223,89.35455555555556,0.04765993218419923,10.48,1.1580444444444444,1.1069499999999999,0.05109444444444455
flight_004,26.0,-10.0,5.0,11.24166,18.729499999999998,88.97470000000001,0.03193195891266303,10.48,1.15312,1.10173,0.051389999999999825
flight_004,27.0,-10.0,5.0,11.2203,18.97202,88.56949999999999,0.019535864454894237,10.48,1.14786,1.0968555555555557,0.05100444444444441
flight_004,28.0,-10.0,5.0,11.20757,19.08142,88.1617,0.01585181377634749,10.48,1.1425800000000002,1.09194,0.05064000000000024
flight_004,29.0,-10.0,5.0,11.22226,18.703780000000002,87.75609999999999,0.009269843580125827,10.48,1.1373099999999998,1.0867,0.05060999999999982
flight_004,30.0,-10.0,5.0,11.198550000000001,18.89005,87.3563,0.007161005515987263,10.48,1.13215,1.08146,0.0506899999999999
flight_004,31.0,-10.0,5.0,11.208966666666667,18.4294,86.97266666666667,0.004664020413736746,10.48,1.1271777777777778,1.0763,0.0508777777777778
flight_004,32.0,-10.0,5.0,11.20244,18.518430000000002,86.60040000000001,0.0033015148038438354,10.48,1.12232,1.07114,0.05118
flight_004,33.0,-10.0,5.0,11.211879999999999,18.444920000000003,86.2018,0.0021540659228538013,10.48,1.1172,1.06596,0.05123999999999995
flight_004,34.0,-10.0,5.0,11.20924,18.30237,85.8083,0.001345362404707371,10.48,1.11208,1.0610222222222223,0.051057777777777646
flight_004,35.0,-10.0,5.0,11.19066,18.56382,85.4128,0.0010630145812734648,10.48,1.1069499999999999,1.0561,0.05084999999999984
flight_004,36.0,-10.0,5.0,11.15146,18.839419999999997,85.01050000000001,0.0007615773105863909,10.48,1.10173,1.05089,0.050839999999999996
flight_004,37.0,-10.0,5.0,11.1661,18.49088888888889,84.63322222222223,0.0006666666666666666,10.48,1.0968555555555557,1.04574,0.0511155555555558
flight_004,38.0,-10.0,5.0,11.13449,18.6703,84.2539,0.0,10.48,1.09194,1.0405799999999998,0.05136000000000007
flight_004,39.0,-10.0,5.0,11.133469999999999,18.897100000000002,83.8501,0.0,10.48,1.0867,1.0355,0.05119999999999991
flight_004,40.0,-10.0,5.0,11.110890000000001,18.86838,83.446,0.0,10.48,1.08146,1.0304888888888888,0.0509711111111113
flight_004,41.0,-10.0,5.0,11.1321,18.59075,83.0478,0.0,10.48,1.0763,1.0256,0.05069999999999997
flight_004,42.0,-10.0,5.0,11.15855,18.37162,82.6492,0.0,10.48,1.07114,1.02043,0.05071000000000003
flight_004,43.0,-10.0,5.0,11.10668,18.777639999999998,82.2504,0.0,10.48,1.06596,1.01512,0.050839999999999996
flight_004,44.0,-10.0,5.0,11.101155555555556,18.71488888888889,81.86866666666667,0.0,10.48,1.0610222222222223,1.00992,0.05110222222222238
flight_004,45.0,-10.0,5.0,11.073179999999999,18.713320000000003,81.4893,0.0,10.48,1.0561,1.00473,0.05137000000000014
flight_004,46.0,-10.0,5.0,11.08164,18.65242,81.0878,0.0,10.48,1.05089,0.9998111111111112,0.051078888888888896
flight_004,47.0,-10.0,5.0,11.07785,18.4494,80.6896,0.0,10.48,1.04574,0.99495,0.05078999999999989
flight_004,48.0,-10.0,5.0,11.080200000000001,18.361539999999998,80.2926,0.0,10.48,1.0405799999999998,0.98971,0.05086999999999986
flight_004,49.0,-10.0,5.0,11.06655,18.75725,79.9007,0.0,10.48,1.0355,0.98458,0.050920000000000076
flight_005,0.0,-10.0,5.0,11.25192,21.979599999999998,99.74159999999999,1.014366235636814,9.9041,1.29265,1.23727,0.055379999999999985
flight_005,1.0,-10.0,5.0,11.23846,22.093,99.2697,2.4310214149612093,10.099,1.2865600000000001,1.2313100000000001,0.05525000000000002
flight_005,2.0,-10.0,5.0,11.19906,22.68194,98.787,2.8245113665906887,10.1015,1.28027,1.2256444444444443,0.054625555555555705
flight_005,3.0,-10.0,5.0,11.1863,22.88359,98.29990000000001,2.9169047481877084,10.095,1.2739699999999998,1.22088,0.05308999999999986
flight_005,4.0,-10.0,5.0,11.42196,18.88314,97.837,2.0469398940858032,10.4991,1.26797,1.2155,0.05247000000000002
flight_005,5.0,-10.0,5.0,11.43604,18.59816,97.458,2.3760613249661717,10.617,1.2630599999999998,1.20947,0.053589999999999804
flight_005,6.0,-10.0,5.0,11.382633333333334,19.067333333333334,97.06544444444444,2.788334032897125,10.518222222222223,1.2579555555555555,1.2042,0.053755555555555556
flight_005,7.0,-10.0,5.0,11.39074,18.8923,96.6994,2.8429312795071215,10.493500000000001,1.25322,1.1987299999999999,0.05449000000000015
flight_005,8.0,-10.0,5.0,11.406189999999999,18.60473,96.2736,1.9966661413466198,10.805499999999999,1.2477,1.1937,0.05400000000000005
flight_005,9.0,-10.0,5.0,11.37851,18.74143,95.88669999999999,2.2700954429274556,10.9145,1.24268,1.18873,0.05394999999999994
flight_005,10.0,-10.0,5.0,11.29937,20.08733,95.46849999999999,2.7629029986592,10.6219,1.23727,1.1835799999999999,0.05369000000000024
flight_005,11.0,-10.0,5.0,11.14198,22.535739999999997,95.0082,2.8391065372754154,10.5129,1.2313100000000001,1.17844,0.052870000000000195
flight_005,12.0,-10.0,5.0,11.332777777777778,19.028555555555556,94.572,2.0382641913108928,10.771888888888888,1.2256444444444443,1.1732200000000002,0.05242444444444416
flight_005,13.0,-10.0,5.0,11.339220000000001,18.76325,94.20360000000001,2.1350288756829494,10.95,1.22088,1.1681300000000001,0.05274999999999985
flight_005,14.0,-10.0,5.0,11.222069999999999,20.631819999999998,93.7876,2.7268281225629165,10.6396,1.2155,1.16295,0.0525500000000001
flight_005,15.0,-10.0,5.0,11.28834,19.84312,93.32390000000001,2.835090674034959,10.5232,1.20947,1.1580444444444444,0.05142555555555561
flight_005,16.0,-10.0,5.0,11.24088,20.47893,92.9165,2.3718032064233325,10.5089,1.2042,1.15312,0.051080000000000014
flight_005,17.0,-10.0,5.0,11.3241,18.68551,92.4947,0.1951763049143005,10.5771,1.1987299999999999,1.14786,0.05086999999999975
flight_005,18.0,-10.0,5.0,11.284055555555556,19.11162222222222,92.10633333333334,0.9639353174857203,10.473333333333334,1.1937,1.14267,0.05102999999999991
flight_005,19.0,-10.0,5.0,11.30209,18.716730000000002,91.72290000000001,0.48120750201965884,10.4979,1.18873,1.13757,0.051160000000000094
flight_005,20.0,-10.0,5.0,11.30135,18.38445,91.3258,0.2872493342028838,10.486799999999999,1.1835799999999999,1.13234,0.05123999999999995
flight_005,21.0,-10.0,5.0,11.284749999999999,18.87422,90.929,0.2752653265487682,10.4832,1.17844,1.1274333333333333,0.051006666666666645
flight_005,22.0,-10.0,5.0,11.30106,18.51294,90.5258,0.1207132966992452,10.482899999999999,1.1732200000000002,1.12259,0.050630000000000175
flight_005,23.0,-10.0,5.0,11.29279,18.364359999999998,90.13289999999999,0.12820491410238533,10.4811,1.1681300000000001,1.1174199999999999,0.050710000000000255
flight_005,24.0,-10.0,5.0,11.279399999999999,18.61225,89.7336,0.07027673868357866,10.481,1.16295,1.1121500000000002,0.050799999999999734
flight_005,25.0,-10.0,5.0,11.263522222222223,18.638911111111113,89.35499999999999,0.058001702827280836,10.481,1.1580444444444444,1.10701,0.05103444444444438
flight_005,26.0,-10.0,5.0,11.26801,18.658070000000002,88.9751,0.041132955157634855,10.481,1.15312,1.10185,0.05126999999999993
flight_005,27.0,-10.0,5.0,11.21164,18.92721,88.5701,0.02694327374318125,10.481,1.14786,1.0969888888888888,0.05087111111111131
flight_005,28.0,-10.0,5.0,11.23867,18.518729999999998,88.1697,0.02078003849852064,10.481,1.14267,1.09207,0.05059999999999998
flight_005,29.0,-10.0,5.0,11.22974,18.46614,87.775,0.0135,10.481,1.13757,1.0869199999999999,0.050650000000000084
flight_005,30.0,-10.0,5.0,11.203700000000001,18.84086,87.3726,0.009992497185388645,10.481,1.13234,1.0817700000000001,0.05056999999999978
flight_005,31.0,-10.0,5.0,11.2214,18.55341111111111,86.99366666666667,0.007222222222222223,10.481,1.1274333333333333,1.07659,0.05084333333333335
flight_005,32.0,-10.0,5.0,11.21973,18.29245,86.6194,0.005,10.481,1.12259,1.07139,0.05119999999999991
flight_005,33.0,-10.0,5.0,11.15667,18.922800000000002,86.2199,0.0034409301068170505,10.481,1.1174199999999999,1.0661999999999998,0.05122000000000004
flight_005,34.0,-10.0,5.0,11.17172,18.774250000000002,85.81410000000001,0.0025495097567963926,10.481,1.1121500000000002,1.0613222222222223,0.050827777777777916
flight_005,35.0,-10.0,5.0,11.186440000000001,18.43273,85.41749999999999,0.0017464249196572981,10.481,1.10701,1.05633,0.05068000000000006
flight_005,36.0,-10.0,5.0,11.16348,18.61271,85.0208,0.001044030650891055,10.481,1.10185,1.05119,0.05065999999999993
flight_005,37.0,-10.0,5.0,11.167422222222221,18.44312222222222,84.64377777777777,0.0010243938285880985,10.481,1.0969888888888888,1.04601,0.050978888888888685
flight_005,38.0,-10.0,5.0,11.15736,18.756149999999998,84.2643,0.0008544003745317531,10.481,1.09207,1.04093,0.051140000000000185
flight_005,39.0,-10.0,5.0,11.17667,18.228289999999998,83.8666,0.0002,10.481,1.0869199999999999,1.03582,0.05109999999999992
flight_005,40.0,-10.0,5.0,11.12275,18.79472,83.4708,0.0,10.481,1.0817700000000001,1.0309444444444444,0.05082555555555568
flight_005,41.0,-10.0,5.0,11.12215,18.686799999999998,83.0711,0.0,10.481,1.07659,1.02596,0.05062999999999995
flight_005,42.0,-10.0,5.0,11.11798,18.69428,82.6687,0.0,10.481,1.07139,1.02071,0.05068000000000006
flight_005,43.0,-10.0,5.0,11.11844,18.465629999999997,82.2688,0.0,10.481,1.0661999999999998,1.01562,0.05057999999999985
flight_005,44.0,-10.0,5.0,11.109577777777778,18.679877777777776,81.89177777777779,0.0,10.481,1.0613222222222223,1.01042,0.05090222222222218
flight_005,45.0,-10.0,5.0,11.0801,18.83168,81.50800000000001,0.0,10.481,1.05633,1.00534,0.05099000000000009
flight_005,46.0,-10.0,5.0,11.105,18.62715,81.111,0.0,10.481,1.05119,1.0004333333333333,0.05075666666666678
flight_005,47.0,-10.0,5.0,11.08471,18.48995,80.71119999999999,0.0,10.481,1.04601,0.9954599999999999,0.050550000000000206
flight_005,48.0,-10.0,5.0,11.09808,18.30527,80.3186,0.0,10.481,1.04093,0.9903600000000001,0.05056999999999978
flight_005,49.0,-10.0,5.0,11.07665,18.466659999999997,79.92490000000001,0.0,10.481,1.03582,0.9852000000000001,0.05061999999999989
flight_006,0.0,-10.0,5.0,11.31148,21.49328,99.74170000000001,1.0131980309890065,9.9093,1.29265,1.2372400000000001,0.05540999999999996
flight_006,1.0,-10.0,5.0,11.330070000000001,20.94818,99.29249999999999,2.430521495481988,10.104600000000001,1.28682,1.23277,0.054050000000000153
flight_006,2.0,-10.0,5.0,11.25399,21.794710000000002,98.83189999999999,2.824313174915275,10.1069,1.28086,1.2276,0.053260000000000085
flight_006,3.0,-10.0,5.0,11.24031,21.8496,98.36659999999999,2.9173050131928266,10.1005,1.2748300000000001,1.22261,0.052220000000000155
flight_006,4.0,-10.0,5.0,11.34534,20.077090000000002,97.90459999999999,2.0491153139830853,10.504000000000001,1.26884,1.2172100000000001,0.05162999999999984
flight_006,5.0,-10.0,5.0,11.429300000000001,18.97967,97.5025,2.374561791152212,10.6223,1.26362,1.21169,0.05193000000000003
flight_006,6.0,-10.0,5.0,11.358733333333333,19.84461111111111,97.10744444444444,2.789003160562862,10.519777777777778,1.258511111111111,1.2062899999999999,0.05222111111111105
flight_006,7.0,-10.0,5.0,11.34986,19.693270000000002,96.7034,2.843747022855585,10.4987,1.25327,1.20139,0.05188000000000015
flight_006,8.0,-10.0,5.0,11.36062,19.39118,96.2825,1.9938134792402225,10.795,1.2478099999999999,1.19618,0.05162999999999984
flight_006,9.0,-10.0,5.0,11.36934,18.94935,95.8782,2.2741304316155655,10.9003,1.2425799999999998,1.1912444444444443,0.05133555555555547
flight_006,10.0,-10.0,5.0,11.47123,17.404249999999998,95.4665,2.7648773480934015,10.619499999999999,1.2372400000000001,1.18628,0.050960000000000116
flight_006,11.0,-10.0,5.0,11.42079,17.81697,95.1203,2.840126562320771,10.5122,1.23277,1.18103,0.0517399999999999
flight_006,12.0,-10.0,5.0,11.302988888888889,19.73048888888889,94.72311111111111,2.0355966850526976,10.770000000000001,1.2276,1.17574,0.05186000000000002
flight_006,13.0,-10.0,5.0,11.35154,18.862479999999998,94.3378,2.132153634239334,10.9498,1.22261,1.1705,0.05210999999999988
flight_006,14.0,-10.0,5.0,11.30104,19.51557,93.9209,2.7276924423402282,10.639,1.2172100000000001,1.16532,0.051890000000000214
flight_006,15.0,-10.0,5.0,11.23733,20.41243,93.4939,2.8355957134260166,10.5253,1.21169,1.160411111111111,0.051278888888888874
flight_006,16.0,-10.0,5.0,11.38078,17.74398,93.07860000000001,2.3835722476988193,10.5267,1.2062899999999999,1.15547,0.050819999999999865
flight_006,17.0,-10.0,5.0,11.35721,18.379849999999998,92.6999,0.23505941802021038,10.5989,1.20139,1.15021,0.05118
flight_006,18.0,-10.0,5.0,11.30992,18.8431,92.2983,0.9814293963398488,10.487,1.19618,1.14497,0.05120999999999998
flight_006,19.0,-10.0,5.0,11.301355555555554,18.591544444444445,91.91722222222222,0.4915307156673369,10.514555555555555,1.1912444444444443,1.13979,0.05145444444444425
flight_006,20.0,-10.0,5.0,11.26594,18.92632,91.5337,0.31815269918704125,10.503400000000001,1.18628,1.13457,0.05170999999999992
flight_006,21.0,-10.0,5.0,11.285309999999999,19.01639,91.1285,0.30653577279006117,10.4999,1.18103,1.12932,0.05170999999999992
flight_006,22.0,-10.0,5.0,11.265609999999999,19.09743,90.7218,0.15441933169133973,10.5,1.17574,1.124411111111111,0.05132888888888898
flight_006,23.0,-10.0,5.0,11.28296,18.54422,90.3158,0.1491956433680287,10.4983,1.1705,1.11944,0.051060000000000105
flight_006,24.0,-10.0,5.0,11.25889,18.75749,89.9165,0.09186860181803139,10.498,1.16532,1.1141999999999999,0.051120000000000054
flight_006,25.0,-10.0,5.0,11.261166666666666,18.676955555555555,89.5371111111111,0.07288998982908387,10.498,1.160411111111111,1.10897,0.05144111111111105
flight_006,26.0,-10.0,5.0,11.25228,18.73588,89.1567,0.053774436305739186,10.498,1.15547,1.1037700000000001,0.05169999999999986
flight_006,27.0,-10.0,5.0,11.22625,19.01501,88.7507,0.03708827307923625,10.498,1.15021,1.09856,0.051649999999999974
flight_006,28.0,-10.0,5.0,11.2372,18.68367,88.3471,0.028285685425670705,10.498,1.14497,1.0935777777777778,0.051392222222222284
flight_006,29.0,-10.0,5.0,11.220099999999999,18.67125,87.9468,0.019678668654154425,10.498,1.13979,1.08863,0.051160000000000094
flight_006,30.0,-10.0,5.0,11.19225,19.03664,87.5435,0.014632156368765338,10.498,1.13457,1.0834199999999998,0.05115000000000025
flight_006,31.0,-10.0,5.0,11.19562,18.66629,87.1391,0.010348429832588131,10.498,1.12932,1.0781399999999999,0.051180000000000225
flight_006,32.0,-10.0,5.0,11.207988888888888,18.544711111111113,86.76066666666667,0.007718024438583226,10.498,1.124411111111111,1.07294,0.05147111111111102
flight_006,33.0,-10.0,5.0,11.18416,18.97591,86.3762,0.005728001396647875,10.498,1.11944,1.06772,0.05171999999999999
flight_006,34.0,-10.0,5.0,11.18245,18.907159999999998,85.9718,0.0041146081222881966,10.498,1.1141999999999999,1.0628000000000002,0.05139999999999967
flight_006,35.0,-10.0,5.0,11.17279,18.74269,85.5693,0.0028861739379323625,10.498,1.10897,1.05786,0.05110999999999999
flight_006,36.0,-10.0,5.0,11.17472,18.64374,85.1677,0.002009975124224178,10.498,1.1037700000000001,1.05267,0.051100000000000145
flight_006,37.0,-10.0,5.0,11.14006,18.974870000000003,84.7655,0.0015231546211727817,10.498,1.09856,1.0474299999999999,0.05113000000000012
flight_006,38.0,-10.0,5.0,11.147277777777779,18.82021111111111,84.38055555555555,0.0011111111111111111,10.498,1.0935777777777778,1.0422,0.051377777777777744
flight_006,39.0,-10.0,5.0,11.14213,18.54504,84.00019999999999,0.0008944271909999159,10.498,1.08863,1.03701,0.05162
flight_006,40.0,-10.0,5.0,11.12461,18.86637,83.5968,0.0008,10.498,1.0834199999999998,1.0318200000000002,0.051599999999999646
flight_006,41.0,-10.0,5.0,11.10788,19.040309999999998,83.1894,0.0,10.498,1.0781399999999999,1.0269000000000001,0.05123999999999973
flight_006,42.0,-10.0,5.0,11.1151,18.71436,82.7875,0.0,10.498,1.07294,1.02191,0.05102999999999991
flight_006,43.0,-10.0,5.0,11.11726,18.63353,82.3861,0.0,10.498,1.06772,1.0166499999999998,0.05107000000000017
flight_006,44.0,-10.0,5.0,11.10362222222222,18.556955555555554,82.00655555555555,0.0,10.498,1.0628000000000002,1.01143,0.05137000000000014
flight_006,45.0,-10.0,5.0,11.08287,18.75925,81.6254,0.0,10.498,1.05786,1.00625,0.051609999999999934
flight_006,46.0,-10.0,5.0,11.07966,18.73958,81.2243,0.0,10.498,1.05267,1.0010400000000002,0.05162999999999984
flight_006,47.0,-10.0,5.0,11.06607,18.885849999999998,80.8216,0.0,10.498,1.0474299999999999,0.9960444444444444,0.05138555555555546
flight_006,48.0,-10.0,5.0,11.054089999999999,18.77636,80.4174,0.0,10.498,1.0422,0.9911199999999999,0.051080000000000125
flight_006,49.0,-10.0,5.0,11.05602,18.69225,80.0168,0.0,10.498,1.03701,0.9859600000000001,0.05104999999999993
flight_007,0.0,-10.0,10.0,11.15302,24.01529,99.7158,1.0157601931558453,9.9222,1.29232,1.22966,0.06265999999999994
flight_007,1.0,-10.0,10.0,11.10439,24.52472,99.20009999999999,2.4308202504504526,10.1168,1.28562,1.2233100000000001,0.062309999999999865
flight_007,2.0,-10.0,10.0,11.06463,25.140909999999998,98.6633,2.8249146730476657,10.119200000000001,1.27865,1.2171444444444444,0.0615055555555557
flight_007,3.0,-10.0,10.0,11.06549,24.98877,98.12480000000001,2.916905214435327,10.1127,1.2717,1.21181,0.05989
flight_007,4.0,-10.0,10.0,11.22185,22.04357,97.6082,2.046281038860498,10.5173,1.26499,1.2057600000000002,0.059229999999999894
flight_007,5.0,-10.0,10.0,11.23411,21.99186,97.155,2.3773538335721085,10.6289,1.25913,1.19914,0.05998999999999999
flight_007,6.0,-10.0,10.0,11.2019,22.144277777777777,96.70477777777778,2.790150500387894,10.522444444444444,1.253288888888889,1.19292,0.060368888888888916
flight_007,7.0,-10.0,10.0,11.22946,21.29367,96.2775,2.84461593541202,10.4958,1.24777,1.18716,0.06061000000000005
flight_007,8.0,-10.0,10.0,11.217319999999999,21.63968,95.7909,1.996480192739212,10.808499999999999,1.24144,1.1816888888888888,0.05975111111111131
flight_007,9.0,-10.0,10.0,11.2337,21.06469,95.34790000000001,2.269478224174006,10.9169,1.2357,1.17629,0.05940999999999996
flight_007,10.0,-10.0,10.0,11.184520000000001,22.04158,94.8817,2.763886318212093,10.6233,1.22966,1.17059,0.059069999999999956
flight_007,11.0,-10.0,10.0,11.04105,23.9872,94.3896,2.840533719215457,10.5144,1.2233100000000001,1.16496,0.058350000000000124
flight_007,12.0,-10.0,10.0,11.175377777777777,21.2516,93.91577777777778,2.039547604764048,10.773555555555555,1.2171444444444444,1.15932,0.057824444444444456
flight_007,13.0,-10.0,10.0,11.19543,20.92985,93.5039,2.137609882555748,10.9503,1.21181,1.15378,0.058030000000000026
flight_007,14.0,-10.0,10.0,11.077290000000001,22.68333,93.0368,2.72932268887356,10.639199999999999,1.2057600000000002,1.1485,0.05726000000000009
flight_007,15.0,-10.0,10.0,11.00502,24.35203,92.5249,2.8364352151952987,10.5275,1.19914,1.14323,0.055910000000000126
flight_007,16.0,-10.0,10.0,11.16907,21.0058,92.04560000000001,2.363434733602771,10.522400000000001,1.19292,1.13754,0.055379999999999985
flight_007,17.0,-10.0,10.0,11.20892,20.21518,91.6014,0.21311370204658356,10.6067,1.18716,1.13197,0.05519000000000007
flight_007,18.0,-10.0,10.0,11.171777777777777,20.874677777777777,91.18077777777778,0.9626138092085592,10.504777777777779,1.1816888888888888,1.12635,0.055338888888888826
flight_007,19.0,-10.0,10.0,11.181790000000001,20.37936,90.7638,0.5324017468040464,10.5266,1.17629,1.12079,0.055500000000000105
flight_007,20.0,-10.0,10.0,11.16688,20.51213,90.3229,0.3332981398087904,10.5164,1.17059,1.11518,0.05540999999999996
flight_007,21.0,-10.0,10.0,11.182269999999999,20.22869,89.8892,0.31961573803553545,10.5123,1.16496,1.1098555555555556,0.0551044444444444
flight_007,22.0,-10.0,10.0,11.180679999999999,20.07875,89.4539,0.18007170793880975,10.5121,1.15932,1.10452,0.05479999999999996
flight_007,23.0,-10.0,10.0,11.16227,20.15317,89.0266,0.16388071881707134,10.510299999999999,1.15378,1.0989200000000001,0.05485999999999991
flight_007,24.0,-10.0,10.0,11.181833333333334,19.660988888888888,88.61933333333333,0.11370798640746174,10.51,1.1485,1.09334,0.0551600000000001
flight_007,25.0,-10.0,10.0,11.12146,20.54329,88.2122,0.0864255170652742,10.51,1.14323,1.08771,0.055520000000000014
flight_007,26.0,-10.0,10.0,11.13848,20.127940000000002,87.7739,0.06579376870190672,10.51,1.13754,1.08205,0.05549000000000004
flight_007,27.0,-10.0,10.0,11.1291,20.03434,87.3428,0.04753945729601885,10.51,1.13197,1.0766444444444445,0.055325555555555406
flight_007,28.0,-10.0,10.0,11.106770000000001,20.35049,86.90979999999999,0.03630564694369183,10.51,1.12635,1.07134,0.05501
flight_007,29.0,-10.0,10.0,11.12479,20.01924,86.4798,0.026428204630659268,10.51,1.12079,1.06585,0.05493999999999999
flight_007,30.0,-10.0,10.0,11.069410000000001,20.24256,86.0476,0.01990628041598932,10.51,1.11518,1.0603099999999999,0.054870000000000196
flight_007,31.0,-10.0,10.0,11.095155555555555,20.0288,85.63555555555556,0.015436048877166451,10.51,1.1098555555555556,1.05476,0.055095555555555675
flight_007,32.0,-10.0,10.0,11.087579999999999,20.264319999999998,85.225,0.011175866856758808,10.51,1.10452,1.04918,0.055339999999999945
flight_007,33.0,-10.0,10.0,11.07709,20.08216,84.7941,0.008459905436823748,10.51,1.0989200000000001,1.0439333333333334,0.05498666666666674
flight_007,34.0,-10.0,10.0,11.06428,20.14196,84.362,0.006198386886924693,10.51,1.09334,1.03866,0.05468000000000006
flight_007,35.0,-10.0,10.0,11.04224,20.38014,83.9278,0.004716990566028301,10.51,1.08771,1.03318,0.05452999999999997
flight_007,36.0,-10.0,10.0,11.01366,20.525489999999998,83.49080000000001,0.0032202484376209236,10.51,1.08205,1.02762,0.05442999999999998
flight_007,37.0,-10.0,10.0,11.011944444444445,20.291355555555555,83.07355555555556,0.0026759099063982878,10.51,1.0766444444444445,1.02204,0.054604444444444455
flight_007,38.0,-10.0,10.0,11.03853,20.107409999999998,82.6646,0.0018788294228055935,10.51,1.07134,1.01649,0.054850000000000065
flight_007,39.0,-10.0,10.0,11.05246,19.72767,82.2403,0.0016031219541881396,10.51,1.06585,1.01092,0.05492999999999992
flight_007,40.0,-10.0,10.0,11.02524,19.69379,81.8139,0.001044030650891055,10.51,1.0603099999999999,1.005611111111111,0.05469888888888885
flight_007,41.0,-10.0,10.0,10.987860000000001,20.20133,81.38550000000001,0.0009848857801796106,10.51,1.05476,1.0003,0.05445999999999995
flight_007,42.0,-10.0,10.0,10.997449999999999,19.922159999999998,80.955,0.000565685424949238,10.51,1.04918,0.99472,0.05445999999999995
flight_007,43.0,-10.0,10.0,10.994633333333333,19.928833333333333,80.55077777777778,0.0003333333333333333,10.51,1.0439333333333334,0.9892099999999999,0.05472333333333346
flight_007,44.0,-10.0,10.0,10.981300000000001,19.912860000000002,80.1429,0.0,10.51,1.03866,0.9837,0.0549599999999999
flight_007,45.0,-10.0,10.0,10.98404,19.66113,79.7217,0.0,10.51,1.03318,0.9781599999999999,0.05502000000000007
flight_007,46.0,-10.0,10.0,10.94975,20.30773,79.29220000000001,0.0,10.51,1.02762,0.9728666666666668,0.05475333333333321
flight_007,47.0,-10.0,10.0,10.95498,19.98082,78.8612,0.0,10.51,1.02204,0.96761,0.05443000000000009
flight_007,48.0,-10.0,10.0,10.95574,19.89968,78.4327,0.0,10.51,1.01649,0.9620200000000001,0.054469999999999796
flight_007,49.0,-10.0,10.0,10.93713,20.1696,78.0024,0.0,10.51,1.01092,0.9564299999999999,0.05449000000000015
flight_008,0.0,-10.0,10.0,11.20221,23.13202,99.72290000000001,1.0168658269408013,9.9342,1.2924099999999998,1.2301600000000001,0.062249999999999694
flight_008,1.0,-10.0,10.0,11.21754,22.6174,99.24109999999999,2.430918768696314,10.1286,1.28616,1.2252100000000001,0.06094999999999984
flight_008,2.0,-10.0,10.0,11.1675,23.43064,98.74260000000001,2.8242171463965025,10.130799999999999,1.2797100000000001,1.2198888888888888,0.059821111111111325
flight_008,3.0,-10.0,10.0,11.18075,23.21721,98.2432,2.916805446031668,10.124500000000001,1.27323,1.21447,0.058760000000000145
flight_008,4.0,-10.0,10.0,11.1952,22.466929999999998,97.7439,2.0459992179861652,10.5292,1.26678,1.20843,0.058350000000000124
flight_008,5.0,-10.0,10.0,11.26121,21.5363,97.2874,2.3787161684404468,10.6371,1.26084,1.2033099999999999,0.05753000000000008
flight_008,6.0,-10.0,10.0,11.156944444444443,22.82761111111111,96.83255555555554,2.7908047138087757,10.521666666666667,1.2549555555555554,1.19741,0.057545555555555294
flight_008,7.0,-10.0,10.0,11.11722,23.44433,96.3557,2.845643331480599,10.4976,1.24876,1.19192,0.05684
flight_008,8.0,-10.0,10.0,11.11148,23.19845,95.8508,1.9936401305150337,10.806000000000001,1.24221,1.1861000000000002,0.05610999999999988
flight_008,9.0,-10.0,10.0,11.20671,21.30976,95.3914,2.2707221890843448,10.9132,1.2362600000000001,1.1805444444444444,0.05571555555555574
flight_008,10.0,-10.0,10.0,11.26775,20.494030000000002,94.9194,2.764836828820102,10.6221,1.2301600000000001,1.17519,0.054970000000000185
flight_008,11.0,-10.0,10.0,11.384260000000001,18.24125,94.537,2.8408535231510967,10.517999999999999,1.2252100000000001,1.1695,0.05571000000000015
flight_008,12.0,-10.0,10.0,11.253466666666666,20.621444444444442,94.12888888888888,2.0320876967806796,10.773111111111112,1.2198888888888888,1.16377,0.05611888888888883
flight_008,13.0,-10.0,10.0,11.19492,21.08229,93.7083,2.1413373087862637,10.9494,1.21447,1.15809,0.056379999999999875
flight_008,14.0,-10.0,10.0,11.248709999999999,20.24391,93.2437,2.730644385488524,10.6427,1.20843,1.1524,0.0560299999999998
flight_008,15.0,-10.0,10.0,11.25527,20.015,92.8476,2.837679042809457,10.53,1.2033099999999999,1.1470666666666667,0.0562433333333332
flight_008,16.0,-10.0,10.0,11.27172,19.93857,92.3927,2.3704498581492923,10.5259,1.19741,1.1417899999999999,0.055620000000000225
flight_008,17.0,-10.0,10.0,11.18339,20.48266,91.9688,0.250502235518967,10.5927,1.19192,1.1361599999999998,0.055760000000000254
flight_008,18.0,-10.0,10.0,11.13177,21.36172,91.5184,1.0003408119236163,10.481100000000001,1.1861000000000002,1.13064,0.055460000000000065
flight_008,19.0,-10.0,10.0,11.171811111111111,20.56248888888889,91.09166666666667,0.5553821729446231,10.508111111111111,1.1805444444444444,1.1250399999999998,0.05550444444444458
flight_008,20.0,-10.0,10.0,11.1888,20.34176,90.67830000000001,0.3794881948097991,10.4982,1.17519,1.11935,0.05583999999999989
flight_008,21.0,-10.0,10.0,11.1584,20.59112,90.2389,0.3608914795336681,10.4944,1.1695,1.1139999999999999,0.055500000000000105
flight_008,22.0,-10.0,10.0,11.137550000000001,20.66715,89.79650000000001,0.22109644954182328,10.494499999999999,1.16377,1.10867,0.05509999999999993
flight_008,23.0,-10.0,10.0,11.16541,20.18231,89.3575,0.19404197999402087,10.493,1.15809,1.10303,0.05506000000000011
flight_008,24.0,-10.0,10.0,11.13955,20.409489999999998,88.9207,0.13841000686366572,10.493,1.1524,1.0974,0.05500000000000016
flight_008,25.0,-10.0,10.0,11.1522,20.172355555555555,88.5081111111111,0.1092947651034227,10.492222222222223,1.1470666666666667,1.09172,0.055346666666666655
flight_008,26.0,-10.0,10.0,11.16159,20.05149,88.1006,0.08463078636052013,10.492,1.1417899999999999,1.08612,0.055669999999999886
flight_008,27.0,-10.0,10.0,11.13242,20.19009,87.6668,0.06300420620879212,10.492,1.1361599999999998,1.0808111111111112,0.05534888888888867
flight_008,28.0,-10.0,10.0,11.14324,19.97362,87.24080000000001,0.04865716802281037,10.492,1.13064,1.07546,0.05518000000000001
flight_008,29.0,-10.0,10.0,11.08881,20.1231,86.80879999999999,0.0366427346141087,10.492,1.1250399999999998,1.06991,0.0551299999999999
flight_008,30.0,-10.0,10.0,11.08813,20.4344,86.3706,0.027790825824361536,10.492,1.11935,1.06436,0.054990000000000094
flight_008,31.0,-10.0,10.0,11.091122222222221,20.441566666666667,85.95700000000001,0.02197782271650276,10.492,1.1139999999999999,1.05876,0.055239999999999956
flight_008,32.0,-10.0,10.0,11.08373,20.284190000000002,85.5449,0.01656532523073423,10.492,1.10867,1.0531000000000001,0.0555699999999999
flight_008,33.0,-10.0,10.0,11.07605,20.03351,85.1101,0.012596031120952346,10.492,1.10303,1.0477222222222222,0.055307777777777734
flight_008,34.0,-10.0,10.0,11.05142,20.50282,84.6755,0.00950210502993942,10.492,1.0974,1.0424099999999998,0.054990000000000094
flight_008,35.0,-10.0,10.0,11.03348,20.35953,84.2375,0.007244998274671983,10.492,1.09172,1.03684,0.05488000000000004
flight_008,36.0,-10.0,10.0,11.05679,20.10812,83.80510000000001,0.005481788029466298,10.492,1.08612,1.0313,0.05481999999999987
flight_008,37.0,-10.0,10.0,11.028144444444443,20.31052222222222,83.39588888888889,0.004327631576477877,10.492,1.0808111111111112,1.02571,0.05510111111111127
flight_008,38.0,-10.0,10.0,11.03689,20.07072,82.9829,0.0034234485537247383,10.492,1.07546,1.0202,0.05526000000000009
flight_008,39.0,-10.0,10.0,11.04485,19.83896,82.55510000000001,0.0025495097567963926,10.492,1.06991,1.0149,0.05501
flight_008,40.0,-10.0,10.0,11.00582,20.209200000000003,82.12570000000001,0.0020591260281974002,10.492,1.06436,1.00961,0.054750000000000076
flight_008,41.0,-10.0,10.0,11.003400000000001,20.15312,81.6936,0.001345362404707371,10.492,1.05876,1.00394,0.05481999999999987
flight_008,42.0,-10.0,10.0,10.99109,20.399880000000003,81.25739999999999,0.0011180339887498947,10.492,1.0531000000000001,0.99828,0.0548200000000002
flight_008,43.0,-10.0,10.0,11.002177777777778,20.3243,80.8428888888889,0.001,10.492,1.0477222222222222,0.99268,0.055042222222222215
flight_008,44.0,-10.0,10.0,10.97149,20.010849999999998,80.433,0.001019803902718557,10.492,1.0424099999999998,0.98705,0.055359999999999854
flight_008,45.0,-10.0,10.0,10.96664,20.08243,80.0035,0.0002,10.492,1.03684,0.98142,0.055420000000000025
flight_008,46.0,-10.0,10.0,10.97284,20.17864,79.5753,0.0,10.492,1.0313,0.9761444444444444,0.055155555555555735
flight_008,47.0,-10.0,10.0,10.98019,19.69645,79.14439999999999,0.0,10.492,1.02571,0.97082,0.05488999999999988
flight_008,48.0,-10.0,10.0,10.943810000000001,20.10341,78.7192,0.0,10.492,1.0202,0.9651299999999999,0.05507000000000006
flight_008,49.0,-10.0,10.0,10.965333333333334,20.000755555555557,78.30977777777778,0.0,10.492,1.0149,0.9594799999999999,0.055420000000000025
flight_009,0.0,-10.0,10.0,11.203990000000001,23.24711,99.7236,1.0139888017133127,9.915899999999999,1.2924099999999998,1.23051,0.061899999999999844
flight_009,1.0,-10.0,10.0,11.20804,22.67278,99.237,2.4307215163403644,10.111,1.2861,1.22388,0.06221999999999994
flight_009,2.0,-10.0,10.0,11.180850000000001,23.32122,98.74260000000001,2.82581784267847,10.1133,1.2797,1.2176222222222224,0.062077777777777676
flight_009,3.0,-10.0,10.0,11.149890000000001,23.60025,98.2389,2.9188056136029337,10.107,1.27318,1.21201,0.06116999999999995
flight_009,4.0,-10.0,10.0,11.213849999999999,22.41085,97.73440000000001,2.0472588331718096,10.513,1.26663,1.20575,0.06087999999999982
flight_009,5.0,-10.0,10.0,11.20169,22.48643,97.2723,2.3809064891339182,10.6244,1.2606600000000001,1.1987299999999999,0.06193000000000026
flight_009,6.0,-10.0,10.0,11.212788888888888,22.1864,96.80788888888888,2.7924793576610303,10.519777777777778,1.2546333333333335,1.1921599999999999,0.0624733333333336
flight_009,7.0,-10.0,10.0,11.19565,22.26931,96.3571,2.8464790285543997,10.4993,1.24878,1.18615,0.06262999999999996
flight_009,8.0,-10.0,10.0,11.18307,22.2286,95.8714,1.982238093670889,10.7848,1.2424899999999999,1.1807555555555556,0.061734444444444314
flight_009,9.0,-10.0,10.0,11.240350000000001,21.19025,95.4201,2.2761346774740727,10.891200000000001,1.23665,1.17537,0.06128
flight_009,10.0,-10.0,10.0,11.13408,22.643250000000002,94.9465,2.767232124343746,10.6221,1.23051,1.16978,0.06072999999999995
flight_009,11.0,-10.0,10.0,11.02345,24.369729999999997,94.436,2.841765924561698,10.5152,1.22388,1.16418,0.059700000000000086
flight_009,12.0,-10.0,10.0,11.10511111111111,22.92687777777778,93.95155555555556,2.033773822961384,10.784555555555556,1.2176222222222224,1.15852,0.05910222222222239
flight_009,13.0,-10.0,10.0,11.19807,20.894830000000002,93.5195,2.1380606773429043,10.9605,1.21201,1.15296,0.05905000000000005
flight_009,14.0,-10.0,10.0,11.00346,24.18327,93.036,2.730188515469216,10.6443,1.20575,1.14737,0.0583800000000001
flight_009,15.0,-10.0,10.0,10.939879999999999,25.06195,92.494,2.838188587814418,10.530100000000001,1.1987299999999999,1.142011111111111,0.05671888888888876
flight_009,16.0,-10.0,10.0,11.03692,23.2277,91.98830000000001,2.3710293060188015,10.5099,1.1921599999999999,1.13664,0.05551999999999979
flight_009,17.0,-10.0,10.0,11.21002,20.23219,91.52250000000001,0.25246467079573726,10.5747,1.18615,1.131,0.05515000000000003
flight_009,18.0,-10.0,10.0,11.169655555555556,20.51661111111111,91.10766666666667,0.9987802128497775,10.467333333333334,1.1807555555555556,1.12542,0.05533555555555547
flight_009,19.0,-10.0,10.0,11.18718,20.34129,90.6914,0.6091476093690265,10.491299999999999,1.17537,1.1198299999999999,0.055540000000000145
flight_009,20.0,-10.0,10.0,11.20701,19.91587,90.2612,0.40002523670388596,10.4834,1.16978,1.11416,0.05562
flight_009,21.0,-10.0,10.0,11.15618,20.42801,89.82910000000001,0.38294357286681285,10.479099999999999,1.16418,1.1088444444444443,0.05533555555555569
flight_009,22.0,-10.0,10.0,11.17021,20.114520000000002,89.3914,0.24990442172958843,10.4792,1.15852,1.10353,0.054990000000000094
flight_009,23.0,-10.0,10.0,11.16729,20.0442,88.9633,0.2154892340698254,10.4774,1.15296,1.09787,0.05509000000000008
flight_009,24.0,-10.0,10.0,11.13794,20.18322,88.53110000000001,0.160910534148638,10.477,1.14737,1.0923,0.05506999999999995
flight_009,25.0,-10.0,10.0,11.1161,20.54521111111111,88.11844444444445,0.12837334633553305,10.477,1.142011111111111,1.0866500000000001,0.05536111111111097
flight_009,26.0,-10.0,10.0,11.10915,20.27301,87.7042,0.10132758755640045,10.477,1.13664,1.08104,0.055600000000000094
flight_009,27.0,-10.0,10.0,11.13045,20.14239,87.26820000000001,0.07728648005958093,10.476700000000001,1.131,1.0757222222222222,0.05527777777777776
flight_009,28.0,-10.0,10.0,11.13852,19.92933,86.83779999999999,0.060701647424102084,10.476,1.12542,1.07047,0.054950000000000054
flight_009,29.0,-10.0,10.0,11.07845,20.48632,86.40599999999999,0.046816450100365364,10.476,1.1198299999999999,1.06496,0.054869999999999974
flight_009,30.0,-10.0,10.0,11.08563,20.16939,85.96860000000001,0.03650342449688796,10.476,1.11416,1.05928,0.05488000000000004
flight_009,31.0,-10.0,10.0,11.071122222222222,20.2527,85.55944444444444,0.029153700821764262,10.476,1.1088444444444443,1.05368,0.05516444444444435
flight_009,32.0,-10.0,10.0,11.06811,20.24235,85.1481,0.022414727301486404,10.476,1.10353,1.0481500000000001,0.05537999999999976
flight_009,33.0,-10.0,10.0,11.06501,20.24851,84.7122,0.01740718242565407,10.476,1.09787,1.0429222222222223,0.054947777777777596
flight_009,34.0,-10.0,10.0,11.087810000000001,19.998820000000002,84.28150000000001,0.013661625086350453,10.476,1.0923,1.03762,0.05468000000000006
flight_009,35.0,-10.0,10.0,11.05007,20.41489,83.8467,0.010621205204683695,10.476,1.0866500000000001,1.0321200000000001,0.05452999999999997
flight_009,36.0,-10.0,10.0,11.03502,20.29934,83.4135,0.008348652585896722,10.476,1.08104,1.0265900000000001,0.05444999999999989
flight_009,37.0,-10.0,10.0,11.034633333333334,19.863555555555553,83.003,0.006472162612982533,10.476,1.0757222222222222,1.02104,0.0546822222222223
flight_009,38.0,-10.0,10.0,11.05761,19.74418,82.5985,0.004903060268852505,10.476,1.07047,1.01547,0.05499999999999994
flight_009,39.0,-10.0,10.0,11.01468,20.19473,82.1724,0.004031128874149275,10.476,1.06496,1.00985,0.05510999999999999
flight_009,40.0,-10.0,10.0,10.98485,20.569470000000003,81.7347,0.003124099870362662,10.476,1.05928,1.0045444444444445,0.05473555555555554
flight_009,41.0,-10.0,10.0,11.0063,19.827800000000003,81.3016,0.002435159132377184,10.476,1.05368,0.99924,0.05443999999999993
flight_009,42.0,-10.0,10.0,11.01241,19.85113,80.8755,0.0019,10.476,1.0481500000000001,0.9937400000000001,0.05441000000000007
flight_009,43.0,-10.0,10.0,11.012511111111111,19.867611111111113,80.47222222222223,0.0011439589045541111,10.476,1.0429222222222223,0.9881800000000001,0.05474222222222225
flight_009,44.0,-10.0,10.0,10.994209999999999,20.08237,80.0637,0.0010630145812734648,10.476,1.03762,0.9825900000000001,0.05502999999999991
flight_009,45.0,-10.0,10.0,10.97303,19.87874,79.639,0.0009848857801796106,10.476,1.0321200000000001,0.9770099999999999,0.055110000000000214
flight_009,46.0,-10.0,10.0,10.96589,19.80394,79.21209999999999,0.001,10.476,1.0265900000000001,0.9717222222222222,0.05486777777777796
flight_009,47.0,-10.0,10.0,10.94548,20.086109999999998,78.7842,0.0008,10.476,1.02104,0.9664400000000001,0.05459999999999987
flight_009,48.0,-10.0,10.0,10.9291,20.16258,78.3544,0.0,10.476,1.01547,0.96076,0.05471000000000015
flight_009,49.0,-10.0,10.0,10.92849,20.101840000000003,77.921,0.0,10.476,1.00985,0.95512,0.054729999999999945
flight_010,0.0,-25.0,0.0,11.05221,20.500300000000003,99.70599999999999,1.0119330214989526,9.9001,1.07683,1.0261200000000001,0.05070999999999981
flight_010,1.0,-25.0,0.0,11.08087,20.12987,99.1874,2.431022766244693,10.0953,1.0712199999999998,1.0210599999999999,0.05015999999999998
flight_010,2.0,-25.0,0.0,11.031130000000001,20.39846,98.6658,2.8274191146697722,10.0977,1.06558,1.0162666666666667,0.04931333333333332
flight_010,3.0,-25.0,0.0,11.020959999999999,20.52259,98.1405,2.9209057002922907,10.0913,1.05991,1.01192,0.04798999999999998
flight_010,4.0,-25.0,0.0,11.178180000000001,18.228,97.6233,2.0519487469232756,10.4966,1.05434,1.0071400000000001,0.04719999999999991
flight_010,5.0,-25.0,0.0,11.21224,17.67097,97.18769999999999,2.3804478024102944,10.6165,1.04963,1.00304,0.04659000000000013
flight_010,6.0,-25.0,0.0,11.182688888888888,17.90448888888889,96.75111111111111,2.7932862145765176,10.517333333333333,1.0449,0.99864,0.04625999999999997
flight_010,7.0,-25.0,0.0,11.239329999999999,17.14508,96.3409,2.8480468324801125,10.493,1.04047,0.9937100000000001,0.04675999999999991
flight_010,8.0,-25.0,0.0,11.2226,17.148699999999998,95.8685,1.9977412645285175,10.8041,1.0353999999999999,0.9891222222222223,0.04627777777777753
flight_010,9.0,-25.0,0.0,11.229569999999999,16.61896,95.44930000000001,2.267815047573324,10.914,1.03085,0.98458,0.04627000000000003
flight_010,10.0,-25.0,0.0,11.1729,17.53039,95.0121,2.765266254811641,10.622,1.0261200000000001,0.9798199999999999,0.04630000000000023
flight_010,11.0,-25.0,0.0,11.12691,18.198439999999998,94.5429,2.842289457462065,10.5176,1.0210599999999999,0.97502,0.04603999999999986
flight_010,12.0,-25.0,0.0,11.161788888888887,17.448344444444444,94.09633333333333,2.036913260212528,10.772444444444444,1.0162666666666667,0.97021,0.046056666666666635
flight_010,13.0,-25.0,0.0,11.21216,16.75744,93.697,2.142909071799361,10.9488,1.01192,0.96546,0.046459999999999946
flight_010,14.0,-25.0,0.0,11.12098,17.776490000000003,93.2535,2.7326929812915317,10.642100000000001,1.0071400000000001,0.96071,0.04643000000000019
flight_010,15.0,-25.0,0.0,11.5188,12.54705,92.87469999999999,2.8402808787160474,10.5208,1.00304,0.9562111111111111,0.04682888888888881
flight_010,16.0,-25.0,0.0,11.05929,18.28842,92.4676,2.376407361964695,10.5199,0.99864,0.95164,0.04699999999999993
flight_010,17.0,-25.0,0.0,11.15844,17.13543,92.0103,0.2646776341136516,10.6161,0.9937100000000001,0.9467599999999999,0.04695000000000016
flight_010,18.0,-25.0,0.0,11.103644444444445,17.61911111111111,91.58555555555556,1.004725679654912,10.507555555555555,0.9891222222222223,0.9419600000000001,0.047162222222222216
flight_010,19.0,-25.0,0.0,11.1533,16.73444,91.16420000000001,0.6423355120184466,10.5296,0.98458,0.93726,0.04732000000000003
flight_010,20.0,-25.0,0.0,11.09359,17.47897,90.7249,0.43177982815319194,10.522,0.9798199999999999,0.93247,0.04734999999999989
flight_010,21.0,-25.0,0.0,11.10566,17.27505,90.2796,0.41391755217675896,10.517100000000001,0.97502,0.9279333333333333,0.04708666666666672
flight_010,22.0,-25.0,0.0,11.09401,17.15882,89.8344,0.2860156114620319,10.5174,0.97021,0.9234899999999999,0.046720000000000095
flight_010,23.0,-25.0,0.0,11.08686,17.16888,89.3938,0.24399793031909103,10.5158,0.96546,0.9187799999999999,0.046680000000000055
flight_010,24.0,-25.0,0.0,11.102070000000001,17.074260000000002,88.95410000000001,0.1892116804005503,10.515,0.96071,0.9139799999999999,0.04673000000000005
flight_010,25.0,-25.0,0.0,11.089622222222223,17.009055555555555,88.53688888888888,0.15312030290099948,10.515,0.9562111111111111,0.9092100000000001,0.04700111111111105
flight_010,26.0,-25.0,0.0,11.02739,17.585069999999998,88.114,0.12296637751840947,10.515,0.95164,0.90445,0.047190000000000065
flight_010,27.0,-25.0,0.0,11.040980000000001,17.473509999999997,87.66319999999999,0.09641835924760388,10.5148,0.9467599999999999,0.8999444444444445,0.04681555555555539
flight_010,28.0,-25.0,0.0,11.06133,17.1415,87.2187,0.0769583003970332,10.514,0.9419600000000001,0.89543,0.04653000000000018
flight_010,29.0,-25.0,0.0,11.05293,16.83964,86.7825,0.06097491287406649,10.514,0.93726,0.89069,0.04657
flight_010,30.0,-25.0,0.0,11.01384,17.32327,86.3403,0.04824479246509409,10.514,0.93247,0.88588,0.04659000000000002
flight_010,31.0,-25.0,0.0,11.008988888888888,17.157555555555557,85.91977777777778,0.03910258745503949,10.514,0.9279333333333333,0.88113,0.04680333333333331
flight_010,32.0,-25.0,0.0,11.03495,16.82782,85.5087,0.030987094087700447,10.514,0.9234899999999999,0.87647,0.04701999999999995
flight_010,33.0,-25.0,0.0,10.98755,17.10403,85.0723,0.024714570601165622,10.514,0.9187799999999999,0.8717499999999999,0.047030000000000016
flight_010,34.0,-25.0,0.0,10.96664,17.35788,84.627,0.01966443490161871,10.514,0.9139799999999999,0.8671333333333333,0.04684666666666659
flight_010,35.0,-25.0,0.0,11.021519999999999,16.95169,84.18469999999999,0.015440207252495026,10.514,0.9092100000000001,0.86255,0.046660000000000035
flight_010,36.0,-25.0,0.0,10.94803,17.175649999999997,83.745,0.01222620137246234,10.514,0.90445,0.8577,0.04674999999999996
flight_010,37.0,-25.0,0.0,10.973544444444444,17.074855555555555,83.3291111111111,0.009791026377804534,10.514,0.8999444444444445,0.853,0.046944444444444566
flight_010,38.0,-25.0,0.0,10.96494,17.14132,82.9102,0.008099382692526634,10.514,0.89543,0.8482799999999999,0.047150000000000025
flight_010,39.0,-25.0,0.0,10.938039999999999,17.17832,82.4706,0.0063600314464631385,10.514,0.89069,0.8435499999999999,0.04714000000000007
flight_010,40.0,-25.0,0.0,10.95998,17.16561,82.0278,0.005,10.514,0.88588,0.8390777777777778,0.04680222222222219
flight_010,41.0,-25.0,0.0,10.95081,16.755180000000003,81.5867,0.003905124837953327,10.514,0.88113,0.8346399999999999,0.04649000000000003
flight_010,42.0,-25.0,0.0,10.91359,17.08452,81.1537,0.0030870698080866263,10.514,0.87647,0.82989,0.046579999999999955
flight_010,43.0,-25.0,0.0,10.908069999999999,17.15072,80.71770000000001,0.002404163056034262,10.514,0.8717499999999999,0.8251,0.04664999999999997
flight_010,44.0,-25.0,0.0,10.875411111111113,17.52272222222222,80.29011111111112,0.0019404721329525536,10.514,0.8671333333333333,0.82036,0.04677333333333333
flight_010,45.0,-25.0,0.0,10.903220000000001,17.26371,79.8659,0.0018027756377319948,10.514,0.86255,0.8156599999999999,0.0468900000000001
flight_010,46.0,-25.0,0.0,10.875910000000001,17.44255,79.417,0.0011180339887498947,10.514,0.8577,0.8111444444444444,0.04655555555555557
flight_010,47.0,-25.0,0.0,10.890130000000001,16.80385,78.98049999999999,0.0010630145812734648,10.514,0.853,0.80661,0.04638999999999993
flight_010,48.0,-25.0,0.0,10.85278,17.11464,78.544,0.0008944271909999159,10.514,0.8482799999999999,0.8018000000000001,0.046479999999999855
flight_010,49.0,-25.0,0.0,10.85329,16.9389,78.106,0.0009000000000000001,10.514,0.8435499999999999,0.79706,0.04648999999999992
flight_011,0.0,-25.0,0.0,11.06439,20.2972,99.7169,1.0162027799607714,9.9386,1.07694,1.02417,0.052769999999999984
flight_011,1.0,-25.0,0.0,11.02858,20.99193,99.1817,2.4309173371383896,10.1329,1.0711600000000001,1.0193999999999999,0.05176000000000025
flight_011,2.0,-25.0,0.0,10.9985,21.11364,98.6387,2.825619650625328,10.135299999999999,1.06529,1.0144333333333333,0.05085666666666677
flight_011,3.0,-25.0,0.0,10.96762,20.97352,98.1,2.9187058964547967,10.1287,1.05946,1.0099,0.04956000000000005
flight_011,4.0,-25.0,0.0,11.16026,18.548099999999998,97.5824,2.049374158127305,10.5338,1.05389,1.00516,0.04872999999999994
flight_011,5.0,-25.0,0.0,11.20543,17.72533,97.12910000000001,2.3828184341237586,10.6396,1.049,1.0003199999999999,0.04868000000000006
flight_011,6.0,-25.0,0.0,11.1211,18.52392222222222,96.68488888888889,2.7940438016309086,10.520999999999999,1.0441888888888888,0.99534,0.04884888888888883
flight_011,7.0,-25.0,0.0,11.11255,18.68535,96.2324,2.848623335929129,10.496500000000001,1.0393000000000001,0.99056,0.04874000000000012
flight_011,8.0,-25.0,0.0,11.11456,18.645519999999998,95.74289999999999,1.9950988597059547,10.799299999999999,1.03403,0.9859555555555555,0.04807444444444453
flight_011,9.0,-25.0,0.0,11.14494,18.11737,95.28020000000001,2.2660904902496717,10.910499999999999,1.02904,0.9814299999999999,0.04761000000000004
flight_011,10.0,-25.0,0.0,11.276689999999999,16.17391,94.8302,2.7648440209169123,10.6226,1.02417,0.9766600000000001,0.04750999999999994
flight_011,11.0,-25.0,0.0,11.09149,18.56413,94.3885,2.843155066119328,10.5151,1.0193999999999999,0.97195,0.04744999999999988
flight_011,12.0,-25.0,0.0,11.048399999999999,18.88152222222222,93.92744444444445,2.044991098414023,10.777111111111111,1.0144333333333333,0.96722,0.04721333333333333
flight_011,13.0,-25.0,0.0,11.245190000000001,16.372989999999998,93.5104,2.1432773502279168,10.954699999999999,1.0099,0.96248,0.04742000000000002
flight_011,14.0,-25.0,0.0,11.15719,17.147759999999998,93.07050000000001,2.732641129017859,10.6406,1.00516,0.9577600000000001,0.0474
flight_011,15.0,-25.0,0.0,11.086400000000001,18.247880000000002,92.62190000000001,2.8406699878725794,10.5234,1.0003199999999999,0.9532333333333334,0.0470866666666665
flight_011,16.0,-25.0,0.0,11.11541,17.552780000000002,92.16130000000001,2.3637140457339587,10.5126,0.99534,0.94877,0.04657
flight_011,17.0,-25.0,0.0,11.15907,16.84028,91.718,0.28976060808881526,10.5731,0.99056,0.9440899999999999,0.04647000000000012
flight_011,18.0,-25.0,0.0,11.110166666666666,17.569277777777778,91.29411111111112,0.9976070752271207,10.465333333333334,0.9859555555555555,0.9393800000000001,0.04657555555555537
flight_011,19.0,-25.0,0.0,11.101420000000001,17.21575,90.8726,0.6679667806111318,10.4878,0.9814299999999999,0.93463,0.04679999999999995
flight_011,20.0,-25.0,0.0,11.111889999999999,16.98423,90.43109999999999,0.4571268204776438,10.482800000000001,0.9766600000000001,0.9298400000000001,0.04681999999999997
flight_011,21.0,-25.0,0.0,11.14573,16.7935,89.9967,0.4386383590157158,10.4786,0.97195,0.9253333333333332,0.04661666666666675
flight_011,22.0,-25.0,0.0,11.07368,17.31566,89.5575,0.31649045799202224,10.4789,0.96722,0.9208500000000001,0.04636999999999991
flight_011,23.0,-25.0,0.0,11.12586,16.83699,89.1186,0.26936478982970286,10.4773,0.96248,0.9160600000000001,0.046419999999999906
flight_011,24.0,-25.0,0.0,11.06396,17.09265,88.6814,0.21468211383345379,10.477,0.9577600000000001,0.9112500000000001,0.04650999999999994
flight_011,25.0,-25.0,0.0,11.064544444444444,17.217177777777778,88.26322222222223,0.17630126432464724,10.477,0.9532333333333334,0.90647,0.04676333333333338
flight_011,26.0,-25.0,0.0,11.08901,16.68227,87.8493,0.14348045163017853,10.4761,0.94877,0.90162,0.047150000000000025
flight_011,27.0,-25.0,0.0,11.07553,16.93128,87.4168,0.11500121738486077,10.476,0.9440899999999999,0.8970555555555555,0.04703444444444438
flight_011,28.0,-25.0,0.0,11.02131,17.28961,86.9788,0.0930460638608641,10.476,0.9393800000000001,0.89254,0.046840000000000104
flight_011,29.0,-25.0,0.0,11.05346,16.96543,86.5394,0.07513221679146703,10.476,0.93463,0.88773,0.04689999999999994
flight_011,30.0,-25.0,0.0,11.02274,17.249950000000002,86.0961,0.06060825026347486,10.476,0.9298400000000001,0.8829499999999999,0.04689000000000021
flight_011,31.0,-25.0,0.0,11.02878888888889,16.8676,85.6801111111111,0.04982661294955429,10.476,0.9253333333333332,0.87823,0.047103333333333275
flight_011,32.0,-25.0,0.0,11.01983,16.88557,85.2649,0.04032381430370892,10.476,0.9208500000000001,0.8734500000000001,0.0474
flight_011,33.0,-25.0,0.0,10.95789,17.713929999999998,84.8219,0.032490152354213424,10.476,0.9160600000000001,0.8688777777777777,0.04718222222222235
flight_011,34.0,-25.0,0.0,11.00135,17.19001,84.37530000000001,0.026248809496813377,10.476,0.9112500000000001,0.8643599999999999,0.04689000000000021
flight_011,35.0,-25.0,0.0,10.98325,17.281380000000002,83.9307,0.021284031572989175,10.476,0.90647,0.85954,0.04693000000000003
flight_011,36.0,-25.0,0.0,10.96196,17.24978,83.4835,0.016907394831847986,10.476,0.90162,0.8547,0.04691999999999996
flight_011,37.0,-25.0,0.0,10.948277777777777,17.470822222222225,83.06066666666668,0.014212236077443537,10.476,0.8970555555555555,0.84988,0.047175555555555526
flight_011,38.0,-25.0,0.0,10.978,17.04379,82.64189999999999,0.011385077953180646,10.476,0.89254,0.8451299999999999,0.04741000000000006
flight_011,39.0,-25.0,0.0,10.92046,17.25611,82.1981,0.009075791976461339,10.476,0.88773,0.8403599999999999,0.047370000000000134
flight_011,40.0,-25.0,0.0,10.925740000000001,17.151400000000002,81.7538,0.007523961722390672,10.476,0.8829499999999999,0.8359111111111112,0.04703888888888874
flight_011,41.0,-25.0,0.0,10.925450000000001,17.08279,81.31739999999999,0.006041522986797286,10.476,0.87823,0.8314299999999999,0.046800000000000064
flight_011,42.0,-25.0,0.0,10.90901,17.23293,80.8769,0.004738143096192853,10.476,0.8734500000000001,0.8266899999999999,0.046760000000000135
flight_011,43.0,-25.0,0.0,10.900233333333334,17.232266666666664,80.45255555555555,0.0040061680838488775,10.476,0.8688777777777777,0.82195,0.04692777777777779
flight_011,44.0,-25.0,0.0,10.8818,17.32846,80.0329,0.0030149626863362673,10.476,0.8643599999999999,0.81714,0.04721999999999993
flight_011,45.0,-25.0,0.0,10.88664,17.28551,79.58630000000001,0.0026400757564888173,10.476,0.85954,0.81243,0.047109999999999985
flight_011,46.0,-25.0,0.0,10.85473,17.52972,79.1384,0.0021213203435596424,10.476,0.8547,0.8079,0.046800000000000064
flight_011,47.0,-25.0,0.0,10.85777,17.252969999999998,78.6922,0.0017088007490635062,10.476,0.84988,0.8033899999999999,0.04649000000000003
flight_011,48.0,-25.0,0.0,10.85169,17.09995,78.25219999999999,0.001,10.476,0.8451299999999999,0.79861,0.046519999999999895
flight_011,49.0,-25.0,0.0,10.85606,17.018,77.8115,0.0010770329614269007,10.476,0.8403599999999999,0.79394,0.046419999999999906
flight_012,0.0,-25.0,0.0,11.081010000000001,20.150640000000003,99.7092,1.0148137809470268,9.899899999999999,1.07686,1.02794,0.04891999999999985
flight_012,1.0,-25.0,0.0,11.13991,19.16847,99.2094,2.4311226768717376,10.0947,1.07145,1.02255,0.048899999999999944
flight_012,2.0,-25.0,0.0,11.08999,19.80727,98.7074,2.8283207349945303,10.0973,1.0660500000000002,1.0179222222222224,0.04812777777777777
flight_012,3.0,-25.0,0.0,11.108799999999999,19.57663,98.20270000000001,2.922605989523733,10.0907,1.06058,1.01347,0.047109999999999985
flight_012,4.0,-25.0,0.0,11.24895,17.35826,97.7141,2.0550966619602105,10.4977,1.05532,1.00876,0.046559999999999935
flight_012,5.0,-25.0,0.0,11.30658,16.53799,97.2982,2.3819741623283823,10.6176,1.05082,1.00495,0.04587000000000008
flight_012,6.0,-25.0,0.0,11.234711111111112,17.096544444444444,96.88177777777778,2.7941587329089517,10.51688888888889,1.0463222222222222,1.0007300000000001,0.045592222222222034
flight_012,7.0,-25.0,0.0,11.36403,15.59881,96.4794,2.849754315726182,10.4931,1.04199,0.9963599999999999,0.04563000000000006
flight_012,8.0,-25.0,0.0,11.21527,17.16624,96.0488,1.997482100044954,10.8064,1.03733,0.99161,0.045720000000000094
flight_012,9.0,-25.0,0.0,11.243649999999999,16.82433,95.6306,2.2686691385038937,10.9148,1.03281,0.9870444444444444,0.045765555555555615
flight_012,10.0,-25.0,0.0,11.10778,18.62374,95.1788,2.766071832039074,10.622,1.02794,0.98255,0.04539000000000004
flight_012,11.0,-25.0,0.0,11.14743,17.837470000000003,94.682,2.8448295361936893,10.5071,1.02255,0.9777799999999999,0.0447700000000002
flight_012,12.0,-25.0,0.0,11.088422222222222,18.386233333333333,94.25266666666667,2.0464546095957767,10.755666666666666,1.0179222222222224,0.9730000000000001,0.04492222222222231
flight_012,13.0,-25.0,0.0,11.22354,16.50596,93.839,2.14292882522962,10.9396,1.01347,0.96824,0.0452300000000001
flight_012,14.0,-25.0,0.0,11.26178,15.979769999999998,93.4032,2.7328747666148185,10.633199999999999,1.00876,0.96348,0.0452800000000001
flight_012,15.0,-25.0,0.0,11.46104,13.1391,93.05109999999999,2.841035833987316,10.5281,1.00495,0.9588666666666666,0.046083333333333365
flight_012,16.0,-25.0,0.0,11.28575,15.709219999999998,92.6611,2.3498823013078765,10.4903,1.0007300000000001,0.95435,0.04638000000000009
flight_012,17.0,-25.0,0.0,11.17015,16.77739,92.2561,0.2531213542947335,10.567499999999999,0.9963599999999999,0.9496100000000001,0.04674999999999985
flight_012,18.0,-25.0,0.0,11.11175,17.29111,91.8164,0.9471780561225012,10.4822,0.99161,0.94489,0.046719999999999984
flight_012,19.0,-25.0,0.0,11.144444444444444,17.15841111111111,91.393,0.6396582710351706,10.496555555555554,0.9870444444444444,0.94012,0.046924444444444435
flight_012,20.0,-25.0,0.0,11.116069999999999,17.128970000000002,90.977,0.4618936024670616,10.487,0.98255,0.93538,0.047170000000000045
flight_012,21.0,-25.0,0.0,11.09967,17.31736,90.53529999999999,0.44440298153815305,10.4812,0.9777799999999999,0.9308444444444444,0.04693555555555551
flight_012,22.0,-25.0,0.0,11.11087,17.09373,90.09360000000001,0.3332717359753149,10.4809,0.9730000000000001,0.92638,0.046620000000000106
flight_012,23.0,-25.0,0.0,11.08885,17.12765,89.65,0.2844638992912809,10.4792,0.96824,0.9216599999999999,0.046580000000000066
flight_012,24.0,-25.0,0.0,11.08542,17.16727,89.2097,0.2324868168305463,10.479,0.96348,0.9169599999999999,0.04652000000000012
flight_012,25.0,-25.0,0.0,11.047366666666667,17.503688888888888,88.78477777777778,0.19377223488504663,10.478222222222222,0.9588666666666666,0.9122199999999999,0.046646666666666725
flight_012,26.0,-25.0,0.0,11.05238,16.96089,88.366,0.1602802857496829,10.478,0.95435,0.9074500000000001,0.04689999999999994
flight_012,27.0,-25.0,0.0,11.06246,17.1354,87.9263,0.1311817441567233,10.478,0.9496100000000001,0.9027200000000001,0.04688999999999999
flight_012,28.0,-25.0,0.0,11.07188,16.94116,87.4897,0.10800675904775588,10.478,0.94489,0.8981888888888889,0.04670111111111108
flight_012,29.0,-25.0,0.0,11.032129999999999,17.21862,87.0478,0.0885844230099175,10.478,0.94012,0.8936,0.046520000000000006
flight_012,30.0,-25.0,0.0,11.03789,16.97624,86.6091,0.07290788709049248,10.478,0.93538,0.88887,0.04650999999999994
flight_012,31.0,-25.0,0.0,11.001,17.257822222222224,86.19122222222222,0.06094826788371177,10.478,0.9308444444444444,0.88407,0.04677444444444434
flight_012,32.0,-25.0,0.0,11.037009999999999,16.7988,85.7765,0.0501010977923638,10.478,0.92638,0.8793599999999999,0.04702000000000006
flight_012,33.0,-25.0,0.0,11.00171,17.094749999999998,85.3383,0.04123457287277267,10.478,0.9216599999999999,0.8746,0.04705999999999988
flight_012,34.0,-25.0,0.0,11.02098,16.82929,84.9035,0.033750259258263485,10.478,0.9169599999999999,0.8700666666666668,0.04689333333333312
flight_012,35.0,-25.0,0.0,10.97776,17.34343,84.4659,0.027817979797246244,10.478,0.9122199999999999,0.86561,0.04660999999999993
flight_012,36.0,-25.0,0.0,10.99951,17.0058,84.0222,0.02303388807822075,10.478,0.9074500000000001,0.8609600000000001,0.04649000000000003
flight_012,37.0,-25.0,0.0,10.99005,16.92119,83.5863,0.01882817038376273,10.478,0.9027200000000001,0.8562100000000001,0.04650999999999994
flight_012,38.0,-25.0,0.0,10.913822222222223,17.434744444444444,83.16555555555556,0.015743703424889084,10.478,0.8981888888888889,0.85137,0.046818888888888965
flight_012,39.0,-25.0,0.0,10.93632,17.31293,82.7402,0.013124404748406688,10.478,0.8936,0.84657,0.047029999999999905
flight_012,40.0,-25.0,0.0,10.94097,17.15642,82.3006,0.010688779163215976,10.478,0.88887,0.8420666666666666,0.04680333333333342
flight_012,41.0,-25.0,0.0,10.92926,17.095010000000002,81.8578,0.008563293758829018,10.478,0.88407,0.8375,0.04657
flight_012,42.0,-25.0,0.0,10.92502,16.9481,81.4225,0.007116881339463235,10.478,0.8793599999999999,0.8327199999999999,0.046640000000000015
flight_012,43.0,-25.0,0.0,10.90029,17.37868,80.98060000000001,0.005807753438292642,10.478,0.8746,0.8279400000000001,0.046659999999999924
flight_012,44.0,-25.0,0.0,10.929377777777779,16.927555555555557,80.56133333333334,0.005072316538005923,10.478,0.8700666666666668,0.8231299999999999,0.04693666666666685
flight_012,45.0,-25.0,0.0,10.93693,16.67899,80.1495,0.00414004830889689,10.478,0.86561,0.8183300000000001,0.04727999999999988
flight_012,46.0,-25.0,0.0,10.913,16.88189,79.7188,0.0033734255586866002,10.478,0.8609600000000001,0.8137777777777777,0.04718222222222235
flight_012,47.0,-25.0,0.0,10.88254,17.22289,79.2798,0.0029427877939124324,10.478,0.8562100000000001,0.80928,0.04693000000000014
flight_012,48.0,-25.0,0.0,10.82137,17.66739,78.8297,0.0021954498400100146,10.478,0.85137,0.8046,0.04676999999999998
flight_012,49.0,-25.0,0.0,10.8851,16.92211,78.3866,0.0019209372712298547,10.478,0.84657,0.79986,0.04671000000000003
flight_013,0.0,-25.0,5.0,10.86876,23.06512,99.6744,1.015887326429462,9.9018,1.07647,1.01559,0.060880000000000045
flight_013,1.0,-25.0,5.0,10.87045,23.10183,99.0811,2.4320212108450043,10.0965,1.0700800000000001,1.00978,0.06030000000000024
flight_013,2.0,-25.0,5.0,10.82337,23.35879,98.4814,2.8289213032532383,10.098700000000001,1.0635999999999999,1.0042777777777776,0.059322222222222276
flight_013,3.0,-25.0,5.0,10.814620000000001,23.228659999999998,97.8831,2.9230060930487296,10.0923,1.0571300000000001,0.9995499999999999,0.05758000000000019
flight_013,4.0,-25.0,5.0,10.881829999999999,22.092689999999997,97.2911,2.058005182209219,10.499500000000001,1.05075,0.99428,0.05647000000000002
flight_013,5.0,-25.0,5.0,10.860380000000001,22.55967,96.72909999999999,2.382380962398751,10.6181,1.04468,0.98878,0.05590000000000006
flight_013,6.0,-25.0,5.0,10.814177777777779,22.69501111111111,96.17433333333332,2.795207194334484,10.514444444444443,1.038688888888889,0.9834999999999999,0.055188888888889065
flight_013,7.0,-25.0,5.0,10.88713,21.41806,95.6344,2.8506005349750425,10.4978,1.03286,0.97837,0.05448999999999993
flight_013,8.0,-25.0,5.0,10.896840000000001,21.07835,95.079,2.0006309929619706,10.8089,1.02684,0.9731400000000001,0.05369999999999986
flight_013,9.0,-25.0,5.0,10.98767,19.91454,94.568,2.270756695465192,10.9145,1.02134,0.9681222222222223,0.053217777777777586
flight_013,10.0,-25.0,5.0,10.89923,21.08954,94.03540000000001,2.7663542018331633,10.6226,1.01559,0.9631500000000001,0.05243999999999993
flight_013,11.0,-25.0,5.0,10.88757,20.9053,93.4975,2.844203210039676,10.517900000000001,1.00978,0.95784,0.051939999999999875
flight_013,12.0,-25.0,5.0,10.978422222222223,19.486566666666665,92.98944444444444,2.04356544811776,10.77588888888889,1.0042777777777776,0.9525600000000001,0.05171777777777753
flight_013,13.0,-25.0,5.0,11.07362,18.10668,92.5496,2.1480116992232605,10.9521,0.9995499999999999,0.94734,0.05220999999999998
flight_013,14.0,-25.0,5.0,10.985479999999999,19.49239,92.0636,2.7347930451864175,10.641,0.99428,0.94213,0.05215000000000003
flight_013,15.0,-25.0,5.0,10.92801,20.02293,91.5529,2.841614073022584,10.530100000000001,0.98878,0.9371888888888888,0.05159111111111114
flight_013,16.0,-25.0,5.0,11.03189,18.264969999999998,91.064,2.3668730532075437,10.5333,0.9834999999999999,0.93219,0.05130999999999997
flight_013,17.0,-25.0,5.0,11.00634,18.56688,90.5895,0.34051186469783984,10.601099999999999,0.97837,0.92703,0.05133999999999994
flight_013,18.0,-25.0,5.0,10.96071,19.083940000000002,90.1057,1.0078019398671547,10.4881,0.9731400000000001,0.92187,0.05127000000000015
flight_013,19.0,-25.0,5.0,10.963811111111111,19.031533333333332,89.64033333333333,0.7220446790320655,10.511111111111111,0.9681222222222223,0.91672,0.05140222222222235
flight_013,20.0,-25.0,5.0,10.971729999999999,18.76914,89.1811,0.5221810126766389,10.5077,0.9631500000000001,0.91144,0.051710000000000034
flight_013,21.0,-25.0,5.0,10.93528,19.1002,88.689,0.5035218863167717,10.5034,0.95784,0.9064444444444444,0.05139555555555564
flight_013,22.0,-25.0,5.0,10.939400000000001,19.0185,88.1995,0.3899024878094522,10.5044,0.9525600000000001,0.9015299999999999,0.05103000000000013
flight_013,23.0,-25.0,5.0,10.94694,18.573249999999998,87.7168,0.3329299325684009,10.503,0.94734,0.89634,0.050999999999999934
flight_013,24.0,-25.0,5.0,10.92346,18.851670000000002,87.23400000000001,0.2773097365762695,10.5021,0.94213,0.89111,0.051020000000000065
flight_013,25.0,-25.0,5.0,10.90178888888889,18.837988888888887,86.77588888888889,0.23396171998802087,10.502,0.9371888888888888,0.88591,0.051278888888888874
flight_013,26.0,-25.0,5.0,10.89339,18.753729999999997,86.3152,0.19553930551170523,10.502,0.93219,0.88072,0.051470000000000016
flight_013,27.0,-25.0,5.0,10.89231,18.55055,85.83709999999999,0.16228419516391607,10.5011,0.92703,0.8758111111111111,0.051218888888888925
flight_013,28.0,-25.0,5.0,10.891259999999999,18.57371,85.357,0.13514984276720413,10.501,0.92187,0.8708600000000001,0.05100999999999989
flight_013,29.0,-25.0,5.0,10.88467,18.68272,84.8825,0.11267391002357201,10.501,0.91672,0.86563,0.05108999999999997
flight_013,30.0,-25.0,5.0,10.83933,19.10235,84.3925,0.09364235152963643,10.501,0.91144,0.86046,0.050980000000000025
flight_013,31.0,-25.0,5.0,10.860922222222221,18.838166666666666,83.92944444444444,0.07962078331568002,10.501,0.9064444444444444,0.8553900000000001,0.05105444444444429
flight_013,32.0,-25.0,5.0,10.88006,18.46949,83.4758,0.06599734843158474,10.501,0.9015299999999999,0.8501799999999999,0.05135000000000001
flight_013,33.0,-25.0,5.0,10.83595,18.79645,82.9944,0.05496125908310325,10.501,0.89634,0.8450900000000001,0.05124999999999991
flight_013,34.0,-25.0,5.0,10.80825,18.99083,82.5106,0.04567110684010187,10.501,0.89111,0.8401666666666666,0.05094333333333334
flight_013,35.0,-25.0,5.0,10.823179999999999,18.5747,82.02799999999999,0.038005525914003614,10.501,0.88591,0.83532,0.050590000000000024
flight_013,36.0,-25.0,5.0,10.82058,18.71108,81.5479,0.031640006321111885,10.501,0.88072,0.83023,0.050489999999999924
flight_013,37.0,-25.0,5.0,10.80108888888889,18.65678888888889,81.0928888888889,0.02683396594607405,10.501,0.8758111111111111,0.8250400000000001,0.05077111111111099
flight_013,38.0,-25.0,5.0,10.78841,18.7555,80.6348,0.022400892839349058,10.501,0.8708600000000001,0.81992,0.050940000000000096
flight_013,39.0,-25.0,5.0,10.77195,18.70267,80.1515,0.018646179233290663,10.501,0.86563,0.8147399999999999,0.0508900000000001
flight_013,40.0,-25.0,5.0,10.80556,18.30181,79.6743,0.015485799947048262,10.501,0.86046,0.8098,0.05066000000000004
flight_013,41.0,-25.0,5.0,10.75751,18.57111,79.20270000000001,0.01298075498574717,10.501,0.8553900000000001,0.8049200000000001,0.050470000000000015
flight_013,42.0,-25.0,5.0,10.76792,18.564349999999997,78.7215,0.010601886624558857,10.501,0.8501799999999999,0.79971,0.050469999999999904
flight_013,43.0,-25.0,5.0,10.747209999999999,18.5674,78.2489,0.009007774419910835,10.501,0.8450900000000001,0.79453,0.05056000000000016
flight_013,44.0,-25.0,5.0,10.717611111111111,18.654733333333333,77.79288888888888,0.007653773377464232,10.501,0.8401666666666666,0.78941,0.05075666666666667
flight_013,45.0,-25.0,5.0,10.74833,18.394399999999997,77.3421,0.006258594091327539,10.501,0.83532,0.7842399999999999,0.051080000000000014
flight_013,46.0,-25.0,5.0,10.71757,18.34899,76.8709,0.005099019513592785,10.501,0.83023,0.7793,0.05093000000000003
flight_013,47.0,-25.0,5.0,10.71361,18.64922,76.3923,0.004326661530556788,10.501,0.8250400000000001,0.7744,0.05064000000000013
flight_013,48.0,-25.0,5.0,10.71969,18.19433,75.9186,0.0036055512754639895,10.501,0.81992,0.7691600000000001,0.050759999999999916
flight_013,49.0,-25.0,5.0,10.67087,18.70326,75.4388,0.0028635642126552704,10.501,0.8147399999999999,0.76402,0.050719999999999876
flight_014,0.0,-25.0,5.0,10.984820000000001,21.47511,99.68809999999999,1.0116216881819013,9.924299999999999,1.07663,1.0208,0.055830000000000046
flight_014,1.0,-25.0,5.0,11.0217,20.86695,99.15169999999999,2.4302213561731367,10.119499999999999,1.07083,1.01651,0.054319999999999924
flight_014,2.0,-25.0,5.0,10.98884,21.074080000000002,98.6152,2.8277213122936993,10.1218,1.0650600000000001,1.0118111111111112,0.0532488888888889
flight_014,3.0,-25.0,5.0,10.987100000000002,21.07922,98.072,2.9217062035735215,10.115300000000001,1.05917,1.00688,0.05228999999999995
flight_014,4.0,-25.0,5.0,11.03879,19.90256,97.5311,2.0541284940334186,10.5241,1.05334,1.00152,0.05181999999999998
flight_014,5.0,-25.0,5.0,11.0486,20.165190000000003,97.0453,2.3852503118121584,10.632900000000001,1.04809,0.99725,0.050839999999999996
flight_014,6.0,-25.0,5.0,11.0095,20.418266666666668,96.53155555555556,2.7955144428172782,10.522666666666668,1.0425555555555555,0.99206,0.050495555555555405
flight_014,7.0,-25.0,5.0,11.04502,19.79131,96.0438,2.8504169151196117,10.499500000000001,1.03727,0.9867000000000001,0.05056999999999978
flight_014,8.0,-25.0,5.0,10.9635,20.85471,95.5076,1.9937826110185635,10.7975,1.03148,0.9816777777777779,0.04980222222222208
flight_014,9.0,-25.0,5.0,11.06995,19.02026,95.0149,2.2683414403479913,10.9041,1.02616,0.97665,0.04950999999999994
flight_014,10.0,-25.0,5.0,11.16545,17.59943,94.5197,2.7666215389893862,10.620999999999999,1.0208,0.97137,0.049429999999999974
flight_014,11.0,-25.0,5.0,11.281780000000001,15.981100000000001,94.1199,2.845074941016493,10.513,1.01651,0.9661200000000001,0.050389999999999935
flight_014,12.0,-25.0,5.0,11.062277777777778,18.77588888888889,93.68666666666667,2.051044470447456,10.770555555555555,1.0118111111111112,0.9609500000000001,0.050861111111111135
flight_014,13.0,-25.0,5.0,11.04176,18.843030000000002,93.2285,2.1474281035694767,10.950199999999999,1.00688,0.95579,0.05108999999999997
flight_014,14.0,-25.0,5.0,11.116810000000001,17.854210000000002,92.73429999999999,2.7346509722449044,10.6378,1.00152,0.95074,0.050779999999999936
flight_014,15.0,-25.0,5.0,11.28725,15.494490000000003,92.338,2.842115541282585,10.5302,0.99725,0.9458888888888889,0.05136111111111108
flight_014,16.0,-25.0,5.0,10.881780000000001,20.40439,91.8583,2.3718089699636433,10.543099999999999,0.99206,0.9409599999999999,0.051100000000000145
flight_014,17.0,-25.0,5.0,11.01609,18.71745,91.3616,0.3554937270895226,10.619299999999999,0.9867000000000001,0.9358700000000001,0.05083000000000004
flight_014,18.0,-25.0,5.0,10.968877777777777,19.09508888888889,90.89566666666667,1.0232524337668965,10.503888888888888,0.9816777777777779,0.9307399999999999,0.05093777777777797
flight_014,19.0,-25.0,5.0,10.96417,18.93137,90.4323,0.7698608770420796,10.5253,0.97665,0.9255599999999999,0.05109000000000008
flight_014,20.0,-25.0,5.0,10.96026,18.9844,89.9409,0.5516544298743552,10.5245,0.97137,0.92034,0.05102999999999991
flight_014,21.0,-25.0,5.0,10.96679,18.83838,89.4563,0.5316655057458589,10.5199,0.9661200000000001,0.9154444444444445,0.050675555555555585
flight_014,22.0,-25.0,5.0,10.95613,18.64533,88.9773,0.42159531543886963,10.5208,0.9609500000000001,0.9106099999999999,0.05034000000000016
flight_014,23.0,-25.0,5.0,11.00201,18.27995,88.4999,0.36173765355572257,10.519499999999999,0.95579,0.9054399999999999,0.05035000000000012
flight_014,24.0,-25.0,5.0,10.97578,18.30255,88.03099999999999,0.3050687135712215,10.519,0.95074,0.9002000000000001,0.05053999999999992
flight_014,25.0,-25.0,5.0,10.946188888888889,18.69038888888889,87.5808888888889,0.2607690667484154,10.519,0.9458888888888889,0.8950400000000001,0.05084888888888883
flight_014,26.0,-25.0,5.0,10.937999999999999,18.35881,87.1279,0.2200593101870493,10.518,0.9409599999999999,0.88988,0.0510799999999999
flight_014,27.0,-25.0,5.0,10.93008,18.336959999999998,86.6542,0.184931987498107,10.518,0.9358700000000001,0.8850111111111111,0.05085888888888901
flight_014,28.0,-25.0,5.0,10.91886,18.669249999999998,86.1791,0.1558159170303214,10.518,0.9307399999999999,0.88006,0.05067999999999995
flight_014,29.0,-25.0,5.0,10.90955,18.65941,85.7,0.1310596810617209,10.518,0.9255599999999999,0.8748699999999999,0.05069000000000001
flight_014,30.0,-25.0,5.0,10.88809,18.73707,85.2173,0.1103556523246544,10.518,0.92034,0.8695999999999999,0.05074000000000012
flight_014,31.0,-25.0,5.0,10.889722222222222,18.40841111111111,84.7641111111111,0.09458851756064784,10.518,0.9154444444444445,0.86441,0.05103444444444449
flight_014,32.0,-25.0,5.0,10.88434,18.44842,84.3159,0.07969247141355323,10.518,0.9106099999999999,0.85921,0.05139999999999989
flight_014,33.0,-25.0,5.0,10.847290000000001,18.78135,83.8373,0.06706511760967843,10.518,0.9054399999999999,0.85397,0.051469999999999905
flight_014,34.0,-25.0,5.0,10.85518,18.7572,83.35170000000001,0.05636958399704578,10.518,0.9002000000000001,0.849111111111111,0.05108888888888907
flight_014,35.0,-25.0,5.0,10.84479,18.599880000000002,82.8726,0.047449446782865654,10.518,0.8950400000000001,0.84426,0.05078000000000005
flight_014,36.0,-25.0,5.0,10.86698,18.24592,82.39750000000001,0.04004996878900157,10.518,0.88988,0.83916,0.05071999999999999
flight_014,37.0,-25.0,5.0,10.814333333333334,18.80503333333333,81.94644444444445,0.034287275831576605,10.518,0.8850111111111111,0.8339700000000001,0.05104111111111098
flight_014,38.0,-25.0,5.0,10.796009999999999,18.71874,81.4872,0.028861739379323625,10.518,0.88006,0.8287800000000001,0.05127999999999988
flight_014,39.0,-25.0,5.0,10.8059,18.684530000000002,81.0062,0.024364728605096347,10.518,0.8748699999999999,0.8236800000000001,0.05118999999999985
flight_014,40.0,-25.0,5.0,10.74719,19.084629999999997,80.51849999999999,0.020359273071502332,10.518,0.8695999999999999,0.8187555555555556,0.05084444444444436
flight_014,41.0,-25.0,5.0,10.782129999999999,18.63539,80.038,0.017265283084849783,10.518,0.86441,0.8138799999999999,0.050530000000000075
flight_014,42.0,-25.0,5.0,10.76473,18.61044,79.5572,0.014483784035948617,10.518,0.85921,0.8087300000000001,0.05047999999999997
flight_014,43.0,-25.0,5.0,10.74764,18.90764,79.0725,0.01210826164236634,10.518,0.85397,0.8036,0.050370000000000026
flight_014,44.0,-25.0,5.0,10.772799999999998,18.244922222222222,78.62155555555556,0.010689789751827283,10.518,0.849111111111111,0.79845,0.050661111111111046
flight_014,45.0,-25.0,5.0,10.77732,18.341649999999998,78.1732,0.008746427842267951,10.518,0.84426,0.7933399999999999,0.050920000000000076
flight_014,46.0,-25.0,5.0,10.74413,18.60803,77.69930000000001,0.007357309290766564,10.518,0.83916,0.7885111111111112,0.050648888888888854
flight_014,47.0,-25.0,5.0,10.734919999999999,18.71012,77.2188,0.006220128616033594,10.518,0.8339700000000001,0.78359,0.05038000000000009
flight_014,48.0,-25.0,5.0,10.73044,18.42251,76.73830000000001,0.00543415126767741,10.518,0.8287800000000001,0.77843,0.05035000000000012
flight_014,49.0,-25.0,5.0,10.710890000000001,18.48299,76.26660000000001,0.004414748010928823,10.518,0.8236800000000001,0.7732699999999999,0.05041000000000018
flight_015,0.0,-25.0,5.0,10.914399999999999,22.137549999999997,99.6836,1.011747498143682,9.940999999999999,1.07658,1.02005,0.05653000000000019
flight_015,1.0,-25.0,5.0,10.94493,21.92355,99.1225,2.4301213652819893,10.1359,1.07052,1.0140699999999998,0.05645000000000011
flight_015,2.0,-25.0,5.0,10.91678,22.09778,98.5538,2.826821319079082,10.1381,1.06438,1.0086000000000002,0.05577999999999994
flight_015,3.0,-25.0,5.0,10.89715,22.43617,97.97720000000001,2.920706316971975,10.131499999999999,1.05815,1.0040200000000001,0.05412999999999979
flight_015,4.0,-25.0,5.0,11.04983,19.87614,97.4202,2.0572516253487323,10.540299999999998,1.05214,0.99864,0.0535000000000001
flight_015,5.0,-25.0,5.0,11.065990000000001,19.70235,96.9343,2.3862141919785826,10.6446,1.0468899999999999,0.9929399999999999,0.05394999999999994
flight_015,6.0,-25.0,5.0,11.005222222222223,20.354511111111112,96.44344444444444,2.795802727105203,10.522222222222222,1.041588888888889,0.98762,0.053968888888888844
flight_015,7.0,-25.0,5.0,10.96896,20.73899,95.9435,2.85143657478121,10.4969,1.03619,0.98225,0.05393999999999999
flight_015,8.0,-25.0,5.0,11.07925,18.97132,95.416,2.000836260167233,10.8074,1.03051,0.9772666666666667,0.05324333333333331
flight_015,9.0,-25.0,5.0,11.099599999999999,18.76584,94.9502,2.2660938308022467,10.9158,1.02546,0.97234,0.053120000000000056
flight_015,10.0,-25.0,5.0,10.97465,20.19018,94.4491,2.765853450564581,10.6212,1.02005,0.96714,0.0529099999999999
flight_015,11.0,-25.0,5.0,10.80076,22.19377,93.8958,2.8455476098635213,10.512,1.0140699999999998,0.9619099999999999,0.05215999999999987
flight_015,12.0,-25.0,5.0,11.111233333333335,17.955044444444447,93.38855555555556,2.0548364417804974,10.768222222222223,1.0086000000000002,0.95665,0.05195000000000016
flight_015,13.0,-25.0,5.0,11.08548,18.381149999999998,92.9663,2.1476837616371736,10.9493,1.0040200000000001,0.95153,0.05249000000000015
flight_015,14.0,-25.0,5.0,10.9144,20.23687,92.467,2.7347526597482266,10.6368,0.99864,0.9463900000000001,0.05224999999999991
flight_015,15.0,-25.0,5.0,10.97908,19.39663,91.9382,2.843918040309882,10.5213,0.9929399999999999,0.9414888888888888,0.051451111111111114
flight_015,16.0,-25.0,5.0,10.90505,20.25872,91.44579999999999,2.3540259747929717,10.4919,0.98762,0.9366299999999999,0.0509900000000002
flight_015,17.0,-25.0,5.0,11.02071,18.56189,90.9487,0.29677238752956786,10.5765,0.98225,0.9314399999999999,0.05081000000000002
flight_015,18.0,-25.0,5.0,10.98771111111111,18.861833333333333,90.48844444444444,0.9505756735321556,10.488666666666667,0.9772666666666667,0.9261800000000001,0.051086666666666614
flight_015,19.0,-25.0,5.0,10.98615,18.73728,90.03,0.7260430703477584,10.5002,0.97234,0.92103,0.05130999999999997
flight_015,20.0,-25.0,5.0,10.97317,18.669620000000002,89.5495,0.5312839071532283,10.4949,0.96714,0.91587,0.05127000000000004
flight_015,21.0,-25.0,5.0,10.94552,19.00932,89.0652,0.5131864183705567,10.489,0.9619099999999999,0.9109111111111111,0.050998888888888816
flight_015,22.0,-25.0,5.0,10.95749,18.694290000000002,88.5789,0.41651757465922135,10.4891,0.95665,0.9059799999999999,0.050670000000000104
flight_015,23.0,-25.0,5.0,10.95994,18.3508,88.10499999999999,0.36061181345041926,10.4878,0.95153,0.90077,0.05076000000000003
flight_015,24.0,-25.0,5.0,10.96832,18.49071,87.6285,0.3092079235724725,10.487,0.9463900000000001,0.8956799999999999,0.050710000000000144
flight_015,25.0,-25.0,5.0,10.944577777777777,18.64181111111111,87.17466666666667,0.2674925174908267,10.487,0.9414888888888888,0.8905200000000001,0.05096888888888873
flight_015,26.0,-25.0,5.0,10.93345,18.41664,86.7249,0.22889921362905555,10.4866,0.9366299999999999,0.88536,0.051269999999999816
flight_015,27.0,-25.0,5.0,10.8809,18.97968,86.2442,0.19502433181528916,10.486,0.9314399999999999,0.8804,0.051039999999999974
flight_015,28.0,-25.0,5.0,10.90205,18.719810000000003,85.7573,0.16650699684998224,10.486,0.9261800000000001,0.87551,0.050670000000000104
flight_015,29.0,-25.0,5.0,10.93671,18.3031,85.28139999999999,0.14226120342524873,10.486,0.92103,0.8703900000000001,0.05063999999999991
flight_015,30.0,-25.0,5.0,10.86403,18.74811,84.8025,0.1213534095112288,10.486,0.91587,0.86525,0.05062
flight_015,31.0,-25.0,5.0,10.841299999999999,18.89591111111111,84.34455555555556,0.10537704203314079,10.486,0.9109111111111111,0.86026,0.05065111111111109
flight_015,32.0,-25.0,5.0,10.83878,18.65106,83.886,0.09005492768305352,10.486,0.9059799999999999,0.85517,0.05080999999999991
flight_015,33.0,-25.0,5.0,10.85835,18.38625,83.4059,0.07672965528399044,10.486,0.90077,0.8503222222222222,0.05044777777777776
flight_015,34.0,-25.0,5.0,10.83536,18.7682,82.93440000000001,0.06549297672269905,10.486,0.8956799999999999,0.8454499999999999,0.05023
flight_015,35.0,-25.0,5.0,10.85867,18.45358,82.4552,0.055993303171004295,10.486,0.8905200000000001,0.84039,0.05013000000000012
flight_015,36.0,-25.0,5.0,10.81676,18.61863,81.977,0.047900939447989954,10.486,0.88536,0.8352299999999999,0.05013000000000012
flight_015,37.0,-25.0,5.0,10.828722222222222,18.778377777777777,81.52000000000001,0.041578276616759294,10.486,0.8804,0.83009,0.050309999999999966
flight_015,38.0,-25.0,5.0,10.82206,18.50331,81.0649,0.03547985343825422,10.486,0.87551,0.82494,0.050570000000000004
flight_015,39.0,-25.0,5.0,10.81111,18.49136,80.5907,0.030210759672672914,10.486,0.8703900000000001,0.8200444444444445,0.05034555555555564
flight_015,40.0,-25.0,5.0,10.819410000000001,18.28527,80.1164,0.02578158257361251,10.486,0.86525,0.8151299999999999,0.05012000000000005
flight_015,41.0,-25.0,5.0,10.82967,17.98453,79.6545,0.021924643668712152,10.486,0.86026,0.80992,0.05034000000000005
flight_015,42.0,-25.0,5.0,10.78302,18.42913,79.1827,0.01876832437912346,10.486,0.85517,0.80467,0.05049999999999999
flight_015,43.0,-25.0,5.0,10.779666666666666,18.345,78.73355555555555,0.016465452046971293,10.486,0.8503222222222222,0.7994399999999999,0.05088222222222227
flight_015,44.0,-25.0,5.0,10.779309999999999,18.28394,78.283,0.013991783303067556,10.486,0.8454499999999999,0.79425,0.05119999999999991
flight_015,45.0,-25.0,5.0,10.74052,18.48374,77.81269999999999,0.011936498649101419,10.486,0.84039,0.78913,0.05125999999999997
flight_015,46.0,-25.0,5.0,10.73911,18.59781,77.33630000000001,0.010043903623591775,10.486,0.8352299999999999,0.7843,0.05092999999999992
flight_015,47.0,-25.0,5.0,10.70748,18.65712,76.858,0.008515867542417507,10.486,0.83009,0.77943,0.05066000000000004
flight_015,48.0,-25.0,5.0,10.737440000000001,18.31882,76.3827,0.007349829930005184,10.486,0.82494,0.77423,0.05071000000000003
flight_015,49.0,-25.0,5.0,10.707877777777778,18.597055555555556,75.92955555555555,0.0064501890105333306,10.486,0.8200444444444445,0.76909,0.05095444444444441
flight_016,0.0,-25.0,10.0,10.7673,24.440360000000002,99.65520000000001,1.015034363950305,9.9097,1.0762800000000001,1.0104,0.06588000000000016
flight_016,1.0,-25.0,10.0,10.68978,25.374370000000003,99.014,2.4326197915005134,10.1045,1.06936,1.00364,0.06572
flight_016,2.0,-25.0,10.0,10.6313,25.91601,98.349,2.829621297983177,10.1066,1.06217,0.9974333333333334,0.06473666666666666
flight_016,3.0,-25.0,10.0,10.63177,25.69768,97.69059999999999,2.92400619869384,10.100100000000001,1.05505,0.9921,0.06295000000000006
flight_016,4.0,-25.0,10.0,10.762139999999999,23.83652,97.0447,2.059825541156338,10.5109,1.0481,0.98608,0.062020000000000075
flight_016,5.0,-25.0,10.0,10.72393,23.99195,96.443,2.38564418553983,10.6259,1.04158,0.97983,0.06174999999999997
flight_016,6.0,-25.0,10.0,10.70128888888889,24.12452222222222,95.85144444444444,2.796474842227242,10.518222222222223,1.0352000000000001,0.97342,0.06178000000000017
flight_016,7.0,-25.0,10.0,10.766580000000001,23.25922,95.2677,2.8519347573182667,10.4982,1.02889,0.9674400000000001,0.061450000000000005
flight_016,8.0,-25.0,10.0,10.95678,20.56895,94.7156,1.9780082254631803,10.7621,1.0229300000000001,0.96167,0.06126000000000009
flight_016,9.0,-25.0,10.0,10.843630000000001,21.671789999999998,94.17150000000001,2.2856838910925545,10.8727,1.0170400000000002,0.9562222222222222,0.06081777777777797
flight_016,10.0,-25.0,10.0,10.57723,25.359460000000002,93.5557,2.7726867872156062,10.6241,1.0104,0.95075,0.05964999999999998
flight_016,11.0,-25.0,10.0,10.63945,24.251150000000003,92.9297,2.8444796940741206,10.5129,1.00364,0.94489,0.05875000000000008
flight_016,12.0,-25.0,10.0,10.849955555555555,21.411433333333335,92.35611111111112,2.0330148293350683,10.772555555555556,0.9974333333333334,0.93915,0.058283333333333354
flight_016,13.0,-25.0,10.0,10.87746,20.65524,91.8615,2.1413084924877124,10.9525,0.9921,0.9334199999999999,0.058680000000000065
flight_016,14.0,-25.0,10.0,10.77463,22.028039999999997,91.30550000000001,2.7341581153985954,10.6403,0.98608,0.9277599999999999,0.05832000000000004
flight_016,15.0,-25.0,10.0,10.65792,23.32754,90.72670000000001,2.84389342978952,10.5231,0.97983,0.9224222222222223,0.057407777777777724
flight_016,16.0,-25.0,10.0,10.70082,22.640629999999998,90.1305,2.379094308765417,10.5101,0.97342,0.9171099999999999,0.05631000000000008
flight_016,17.0,-25.0,10.0,10.84026,20.46909,89.57770000000001,0.3705818398140956,10.578100000000001,0.9674400000000001,0.91151,0.055930000000000035
flight_016,18.0,-25.0,10.0,10.78656,21.01419,89.04339999999999,0.9610377203835446,10.4744,0.96167,0.90595,0.05571999999999999
flight_016,19.0,-25.0,10.0,10.819644444444444,20.400288888888888,88.53777777777778,0.7661956926961759,10.490555555555554,0.9562222222222222,0.9003500000000001,0.0558722222222221
flight_016,20.0,-25.0,10.0,10.77473,21.01711,88.0318,0.571982429800077,10.489799999999999,0.95075,0.89473,0.05601999999999996
flight_016,21.0,-25.0,10.0,10.76812,20.92475,87.4891,0.5549313921558232,10.4849,0.94489,0.889411111111111,0.055478888888888966
flight_016,22.0,-25.0,10.0,10.77855,20.62526,86.95779999999999,0.4618639843070685,10.4857,0.93915,0.8840999999999999,0.055050000000000154
flight_016,23.0,-25.0,10.0,10.78496,20.51196,86.4272,0.4018233691561505,10.4846,0.9334199999999999,0.8784700000000001,0.05494999999999983
flight_016,24.0,-25.0,10.0,10.77748,20.34382,85.904,0.3495228890931179,10.484,0.9277599999999999,0.8728899999999999,0.054869999999999974
flight_016,25.0,-25.0,10.0,10.789266666666666,20.081777777777777,85.40911111111112,0.3061270816563879,10.484,0.9224222222222223,0.8673500000000001,0.05507222222222219
flight_016,26.0,-25.0,10.0,10.78984,20.044220000000003,84.9186,0.2643113694111549,10.4833,0.9171099999999999,0.86176,0.0553499999999999
flight_016,27.0,-25.0,10.0,10.74255,20.20042,84.399,0.2286087487389754,10.483,0.91151,0.8564,0.05510999999999999
flight_016,28.0,-25.0,10.0,10.75901,20.100270000000002,83.8841,0.1975565235571835,10.483,0.90595,0.8510099999999999,0.0549400000000001
flight_016,29.0,-25.0,10.0,10.74169,20.21621,83.36449999999999,0.17076665365345775,10.483,0.9003500000000001,0.84537,0.05498000000000014
flight_016,30.0,-25.0,10.0,10.72881,20.13134,82.846,0.14758055427460623,10.483,0.89473,0.83977,0.05496000000000001
flight_016,31.0,-25.0,10.0,10.708788888888888,20.32557777777778,82.3518888888889,0.12980707431881314,10.483,0.889411111111111,0.8342600000000001,0.05515111111111093
flight_016,32.0,-25.0,10.0,10.71926,19.96974,81.8601,0.11162369820069572,10.483,0.8840999999999999,0.82867,0.05542999999999987
flight_016,33.0,-25.0,10.0,10.67834,20.28199,81.3397,0.09645667421179314,10.483,0.8784700000000001,0.82308,0.05539000000000005
flight_016,34.0,-25.0,10.0,10.67562,20.0553,80.82339999999999,0.08344255509031348,10.483,0.8728899999999999,0.8177333333333334,0.05515666666666652
flight_016,35.0,-25.0,10.0,10.69763,19.85696,80.3104,0.07215684305732895,10.483,0.8673500000000001,0.81235,0.05500000000000005
flight_016,36.0,-25.0,10.0,10.65641,20.279999999999998,79.7929,0.06250959926283323,10.4826,0.86176,0.80669,0.05506999999999995
flight_016,37.0,-25.0,10.0,10.636688888888889,20.398844444444443,79.29655555555556,0.0549751908131138,10.482,0.8564,0.80108,0.055320000000000036
flight_016,38.0,-25.0,10.0,10.62764,20.44028,78.7954,0.04724489390399771,10.482,0.8510099999999999,0.79552,0.05548999999999993
flight_016,39.0,-25.0,10.0,10.62649,20.11395,78.2755,0.04077707689376471,10.482,0.84537,0.7899200000000001,0.05544999999999989
flight_016,40.0,-25.0,10.0,10.62977,19.9821,77.7569,0.03526769059635178,10.482,0.83977,0.7845777777777778,0.0551922222222222
flight_016,41.0,-25.0,10.0,10.63611,20.012459999999997,77.24510000000001,0.030588396492787915,10.482,0.8342600000000001,0.77929,0.054970000000000074
flight_016,42.0,-25.0,10.0,10.60088,20.10631,76.729,0.02622689459314617,10.482,0.82867,0.77366,0.05501
flight_016,43.0,-25.0,10.0,10.56905,20.22493,76.2106,0.022705505940189927,10.482,0.82308,0.76808,0.05500000000000005
flight_016,44.0,-25.0,10.0,10.55321111111111,20.30517777777778,75.71477777777778,0.01990098949087832,10.482,0.8177333333333334,0.76241,0.05532333333333339
flight_016,45.0,-25.0,10.0,10.54353,20.53657,75.2172,0.017184295155751952,10.482,0.81235,0.75679,0.055560000000000054
flight_016,46.0,-25.0,10.0,10.57131,20.11119,74.694,0.014975313018431368,10.482,0.80669,0.7514555555555555,0.055234444444444475
flight_016,47.0,-25.0,10.0,10.534609999999999,20.18495,74.1732,0.01306330739131557,10.482,0.80108,0.74611,0.05496999999999996
flight_016,48.0,-25.0,10.0,10.54073,20.127580000000002,73.6591,0.011172287142747452,10.482,0.79552,0.74049,0.05503000000000002
flight_016,49.0,-25.0,10.0,10.53277,20.08737,73.1412,0.00967987603226405,10.482,0.7899200000000001,0.73491,0.055010000000000114
flight_017,0.0,-25.0,10.0,10.87647,23.12287,99.6653,1.0150346841364586,9.9065,1.07638,1.01527,0.06111
flight_017,1.0,-25.0,10.0,10.846219999999999,23.13049,99.0801,2.433018446292588,10.101099999999999,1.0700699999999999,1.01001,0.06005999999999978
flight_017,2.0,-25.0,10.0,10.82231,23.505360000000003,98.47970000000001,2.8306212904590398,10.1034,1.06358,1.0041222222222224,0.05945777777777761
flight_017,3.0,-25.0,10.0,10.8106,23.3446,97.877,2.9249061967864884,10.096900000000002,1.05707,0.9986499999999999,0.05842000000000003
flight_017,4.0,-25.0,10.0,10.847809999999999,22.44034,97.2754,2.0606213189230087,10.5084,1.05057,0.9926600000000001,0.057909999999999906
flight_017,5.0,-25.0,10.0,10.87172,22.073349999999998,96.7264,2.385175310118734,10.6248,1.04465,0.9874700000000001,0.05718000000000001
flight_017,6.0,-25.0,10.0,11.024466666666667,19.952455555555556,96.19333333333333,2.796172405889306,10.517222222222223,1.0389,0.98153,0.05736999999999992
flight_017,7.0,-25.0,10.0,10.817490000000001,22.32207,95.6815,2.852417897153221,10.4939,1.03336,0.97567,0.05769000000000002
flight_017,8.0,-25.0,10.0,10.80766,22.44771,95.0963,2.0064375868688265,10.806000000000001,1.0270199999999998,0.9702666666666667,0.0567533333333331
flight_017,9.0,-25.0,10.0,10.90374,20.94478,94.5562,2.266840501667464,10.915,1.02121,0.9648,0.05640999999999996
flight_017,10.0,-25.0,10.0,10.95309,20.198,94.0063,2.766313989770503,10.6211,1.01527,0.9590799999999999,0.05618999999999996
flight_017,11.0,-25.0,10.0,10.92445,20.60841,93.5197,2.8456650488066932,10.5167,1.01001,0.9533400000000001,0.05667
flight_017,12.0,-25.0,10.0,10.796466666666667,21.74848888888889,92.9738888888889,2.0557273471756723,10.783666666666667,1.0041222222222224,0.94758,0.05654222222222238
flight_017,13.0,-25.0,10.0,10.88463,20.8999,92.4668,2.1490931599165264,10.962,0.9986499999999999,0.94191,0.0567399999999999
flight_017,14.0,-25.0,10.0,10.909510000000001,20.24076,91.91290000000001,2.7348301098971395,10.6415,0.9926600000000001,0.9365444444444445,0.056115555555555585
flight_017,15.0,-25.0,10.0,10.94692,19.60444,91.4332,2.8436979744691597,10.5273,0.9874700000000001,0.93116,0.05631000000000008
flight_017,16.0,-25.0,10.0,10.75751,21.96509,90.881,2.3685328222340516,10.532900000000001,0.98153,0.9256,0.055930000000000035
flight_017,17.0,-25.0,10.0,10.88137,20.30235,90.34009999999999,0.37735134821542643,10.6143,0.97567,0.9200699999999999,0.055600000000000094
flight_017,18.0,-25.0,10.0,10.835022222222223,20.718855555555553,89.83888888888889,0.9931357807532392,10.505444444444443,0.9702666666666667,0.91443,0.05583666666666676
flight_017,19.0,-25.0,10.0,10.82793,20.716630000000002,89.3329,0.8160022610262793,10.520999999999999,0.9648,0.9088499999999999,0.055950000000000055
flight_017,20.0,-25.0,10.0,10.8169,20.582169999999998,88.8029,0.6116113880561741,10.5218,0.9590799999999999,0.9032899999999999,0.055790000000000006
flight_017,21.0,-25.0,10.0,10.7976,20.73431,88.27369999999999,0.5920014358090697,10.5169,0.9533400000000001,0.8980111111111112,0.05532888888888887
flight_017,22.0,-25.0,10.0,10.781310000000001,20.65663,87.7384,0.5010438803138904,10.5178,0.94758,0.89268,0.05489999999999995
flight_017,23.0,-25.0,10.0,10.81156,20.21249,87.2138,0.43948138754673105,10.5167,0.94191,0.88709,0.05481999999999998
flight_017,24.0,-25.0,10.0,10.781255555555555,20.412944444444445,86.71711111111112,0.39232905375431104,10.516,0.9365444444444445,0.8816,0.05494444444444446
flight_017,25.0,-25.0,10.0,10.78991,20.23131,86.2181,0.3403840184262475,10.516,0.93116,0.87599,0.05516999999999994
flight_017,26.0,-25.0,10.0,10.79315,19.94836,85.7052,0.29741044030094166,10.5154,0.9256,0.87042,0.05518000000000001
flight_017,27.0,-25.0,10.0,10.80554,20.01247,85.1905,0.25951734046109515,10.515,0.9200699999999999,0.8651,0.05496999999999996
flight_017,28.0,-25.0,10.0,10.763,20.33137,84.6698,0.22646081338721719,10.515,0.91443,0.8598000000000001,0.054629999999999845
flight_017,29.0,-25.0,10.0,10.77628,20.05819,84.1524,0.19745594445344003,10.515,0.9088499999999999,0.8542,0.054649999999999976
flight_017,30.0,-25.0,10.0,10.74382,20.02926,83.6387,0.1722960823698554,10.515,0.9032899999999999,0.8486,0.054689999999999905
flight_017,31.0,-25.0,10.0,10.7315,20.025055555555557,83.14977777777777,0.15268805446173137,10.515,0.8980111111111112,0.8430300000000001,0.05498111111111115
flight_017,32.0,-25.0,10.0,10.73325,20.07599,82.6563,0.13292648344103594,10.515,0.89268,0.83748,0.05520000000000003
flight_017,33.0,-25.0,10.0,10.72036,20.081229999999998,82.1385,0.11592174084269095,10.514199999999999,0.88709,0.8321555555555555,0.05493444444444451
flight_017,34.0,-25.0,10.0,10.71794,19.96577,81.62870000000001,0.10112615883143193,10.514,0.8816,0.8267900000000001,0.054809999999999914
flight_017,35.0,-25.0,10.0,10.7027,20.09036,81.11,0.0881989228959175,10.514,0.87599,0.82119,0.05480000000000007
flight_017,36.0,-25.0,10.0,10.68983,20.03314,80.5954,0.07686253964058175,10.514,0.87042,0.81559,0.054829999999999934
flight_017,37.0,-25.0,10.0,10.6571,20.31431111111111,80.10144444444444,0.06826826170011621,10.514,0.8651,0.81005,0.05504999999999993
flight_017,38.0,-25.0,10.0,10.66888,19.94676,79.6095,0.059350652902895686,10.514,0.8598000000000001,0.8045199999999999,0.05528000000000022
flight_017,39.0,-25.0,10.0,10.63586,20.21677,79.0934,0.05186029309597083,10.514,0.8542,0.79891,0.05528999999999995
flight_017,40.0,-25.0,10.0,10.63154,20.10861,78.5753,0.0452133829745132,10.514,0.8486,0.7936333333333333,0.05496666666666672
flight_017,41.0,-25.0,10.0,10.64086,20.09254,78.05760000000001,0.03936419693071357,10.514,0.8430300000000001,0.7884,0.05463000000000007
flight_017,42.0,-25.0,10.0,10.61363,20.059559999999998,77.54429999999999,0.03438037230746636,10.514,0.83748,0.78283,0.054649999999999976
flight_017,43.0,-25.0,10.0,10.597088888888889,20.08682222222222,77.05188888888888,0.030482741524741463,10.514,0.8321555555555555,0.77727,0.05488555555555552
flight_017,44.0,-25.0,10.0,10.57991,20.290039999999998,76.5552,0.026466015944981217,10.514,0.8267900000000001,0.7716999999999999,0.055090000000000194
flight_017,45.0,-25.0,10.0,10.561449999999999,20.42961,76.0367,0.02318641843838759,10.514,0.82119,0.7661399999999999,0.05505000000000004
flight_017,46.0,-25.0,10.0,10.60955,19.7897,75.5181,0.020044949488586896,10.514,0.81559,0.7608,0.054790000000000005
flight_017,47.0,-25.0,10.0,10.59599,19.86155,75.0043,0.017647662734764626,10.514,0.81005,0.7555,0.0545500000000001
flight_017,48.0,-25.0,10.0,10.54379,20.27345,74.4924,0.015344705927452636,10.514,0.8045199999999999,0.74992,0.05459999999999987
flight_017,49.0,-25.0,10.0,10.54973,19.952460000000002,73.973,0.013401492454200765,10.514,0.79891,0.74432,0.05459000000000003
flight_018,0.0,-25.0,10.0,10.75244,24.49528,99.65520000000001,1.0132663618220037,9.9379,1.0762800000000001,1.00871,0.06757000000000013
flight_018,1.0,-25.0,10.0,10.69155,25.06969,99.01689999999999,2.430121416719749,10.1326,1.06937,1.00213,0.06723999999999997
flight_018,2.0,-25.0,10.0,10.63696,25.751260000000002,98.3606,2.82822099560837,10.1349,1.0623099999999999,0.9958444444444444,0.06646555555555544
flight_018,3.0,-25.0,10.0,10.631139999999998,25.46928,97.7026,2.9227067215168887,10.128400000000001,1.05518,0.99042,0.06476000000000004
flight_018,4.0,-25.0,10.0,10.726009999999999,24.09795,97.0574,2.0617752108316756,10.5383,1.0482099999999999,0.98439,0.06381999999999988
flight_018,5.0,-25.0,10.0,10.65974,24.81982,96.44160000000001,2.386743614215821,10.6451,1.0415699999999999,0.9782399999999999,0.06333
flight_018,6.0,-25.0,10.0,10.626655555555555,25.19191111111111,95.82411111111111,2.7960835506512,10.525666666666666,1.0349,0.97194,0.0629599999999999
flight_018,7.0,-25.0,10.0,10.600100000000001,25.11283,95.2096,2.852485319857054,10.5001,1.02825,0.96608,0.06217000000000006
flight_018,8.0,-25.0,10.0,10.723980000000001,23.58205,94.5755,1.999374384651359,10.805299999999999,1.02143,0.9606111111111111,0.06081888888888898
flight_018,9.0,-25.0,10.0,10.77218,22.69703,93.9958,2.268444193715155,10.9094,1.01516,0.9551000000000001,0.06006
flight_018,10.0,-25.0,10.0,10.71242,23.490270000000002,93.39880000000001,2.7668251625283444,10.6224,1.00871,0.94941,0.05930000000000002
flight_018,11.0,-25.0,10.0,10.65622,23.85414,92.79069999999999,2.846848864973341,10.507299999999999,1.00213,0.94368,0.05845
flight_018,12.0,-25.0,10.0,10.7325,22.438166666666667,92.2091111111111,2.0581656251965583,10.761555555555555,0.9958444444444444,0.9380700000000001,0.05777444444444435
flight_018,13.0,-25.0,10.0,10.86861,20.84624,91.7062,2.1467574944553007,10.9476,0.99042,0.9323599999999999,0.05806000000000011
flight_018,14.0,-25.0,10.0,10.77369,21.94982,91.1467,2.7354385589883026,10.6345,0.98439,0.927,0.05738999999999994
flight_018,15.0,-25.0,10.0,10.72992,22.30794,90.5778,2.843821444816815,10.529399999999999,0.9782399999999999,0.9216799999999999,0.056559999999999944
flight_018,16.0,-25.0,10.0,10.69289,22.60559,89.9924,2.3685210702039363,10.5277,0.97194,0.91609,0.055850000000000066
flight_018,17.0,-25.0,10.0,10.86218,20.23441,89.4512,0.39829039657014076,10.591800000000001,0.96608,0.9104599999999999,0.055620000000000114
flight_018,18.0,-25.0,10.0,10.7926,21.047700000000003,88.94588888888889,1.0007964544351047,10.480555555555556,0.9606111111111111,0.9049400000000001,0.055671111111111005
flight_018,19.0,-25.0,10.0,10.826220000000001,20.61076,88.43469999999999,0.8401223601357127,10.4972,0.9551000000000001,0.89929,0.055810000000000026
flight_018,20.0,-25.0,10.0,10.77986,20.75268,87.9082,0.6356995280791076,10.499500000000001,0.94941,0.89368,0.055729999999999946
flight_018,21.0,-25.0,10.0,10.81983,20.23245,87.37809999999999,0.6155804009225765,10.4952,0.94368,0.8883555555555556,0.0553244444444444
flight_018,22.0,-25.0,10.0,10.792060000000001,20.43298,86.8572,0.5273462335126705,10.496,0.9380700000000001,0.8830199999999999,0.055050000000000154
flight_018,23.0,-25.0,10.0,10.76308,20.54271,86.3304,0.4646352870800925,10.4952,0.9323599999999999,0.8773799999999999,0.05497999999999992
flight_018,24.0,-25.0,10.0,10.793444444444445,20.046633333333332,85.83233333333334,0.4176156895969438,10.495,0.927,0.87172,0.055279999999999996
flight_018,25.0,-25.0,10.0,10.751349999999999,20.26523,85.34049999999999,0.365045654678973,10.494299999999999,0.9216799999999999,0.86615,0.05552999999999997
flight_018,26.0,-25.0,10.0,10.80462,19.94135,84.8236,0.32120879502280136,10.494,0.91609,0.86058,0.05550999999999995
flight_018,27.0,-25.0,10.0,10.75163,20.166059999999998,84.3022,0.2821562687589982,10.494,0.9104599999999999,0.8552111111111111,0.05524888888888879
flight_018,28.0,-25.0,10.0,10.74589,20.205170000000003,83.7906,0.24794555854057965,10.4934,0.9049400000000001,0.8499700000000001,0.05496999999999996
flight_018,29.0,-25.0,10.0,10.70821,20.47244,83.2675,0.2177390180927617,10.493,0.89929,0.8443999999999999,0.054890000000000105
flight_018,30.0,-25.0,10.0,10.74521,19.98128,82.7477,0.19139331231785503,10.493,0.89368,0.83881,0.054870000000000085
flight_018,31.0,-25.0,10.0,10.709366666666666,20.278933333333335,82.256,0.17069939645651147,10.493,0.8883555555555556,0.8331900000000001,0.05516555555555547
flight_018,32.0,-25.0,10.0,10.70927,20.14635,81.7603,0.14948364459030292,10.493,0.8830199999999999,0.8276999999999999,0.055320000000000036
flight_018,33.0,-25.0,10.0,10.67961,20.332910000000002,81.2397,0.1313890786937788,10.493,0.8773799999999999,0.8224222222222222,0.05495777777777777
flight_018,34.0,-25.0,10.0,10.664159999999999,20.25206,80.7158,0.11528399715485234,10.493,0.87172,0.8171900000000001,0.05452999999999997
flight_018,35.0,-25.0,10.0,10.674299999999999,20.01817,80.19890000000001,0.10120118576380417,10.493,0.86615,0.81159,0.05455999999999994
flight_018,36.0,-25.0,10.0,10.66901,20.1496,79.68350000000001,0.08911408418426349,10.493,0.86058,0.8059900000000001,0.054589999999999916
flight_018,37.0,-25.0,10.0,10.661177777777779,20.220244444444447,79.18677777777778,0.0793269527468361,10.493,0.8552111111111111,0.8003399999999999,0.054871111111111204
flight_018,38.0,-25.0,10.0,10.65307,19.895069999999997,78.7,0.06936894117686965,10.493,0.8499700000000001,0.79467,0.05530000000000013
flight_018,39.0,-25.0,10.0,10.62881,20.17245,78.1849,0.06114981602588841,10.493,0.8443999999999999,0.78911,0.05528999999999995
flight_018,40.0,-25.0,10.0,10.60848,20.13213,77.6677,0.05362247663060706,10.493,0.83881,0.7837999999999999,0.05501
flight_018,41.0,-25.0,10.0,10.61188,20.005209999999998,77.147,0.04709278076308512,10.493,0.8331900000000001,0.77847,0.0547200000000001
flight_018,42.0,-25.0,10.0,10.6316,19.86576,76.6384,0.041257362979230744,10.493,0.8276999999999999,0.77278,0.05491999999999986
flight_018,43.0,-25.0,10.0,10.599933333333333,20.010266666666666,76.15,0.037202482327904206,10.493,0.8224222222222222,0.76719,0.05523222222222213
flight_018,44.0,-25.0,10.0,10.598690000000001,19.992079999999998,75.6655,0.03216364407215078,10.493,0.8171900000000001,0.76165,0.055540000000000034
flight_018,45.0,-25.0,10.0,10.56677,20.05107,75.1472,0.028504385627478448,10.493,0.81159,0.75602,0.05557000000000001
flight_018,46.0,-25.0,10.0,10.55299,20.13685,74.62899999999999,0.024959366979152336,10.493,0.8059900000000001,0.7507,0.05529000000000006
flight_018,47.0,-25.0,10.0,10.5232,20.58568,74.1055,0.021924415613648635,10.493,0.8003399999999999,0.74541,0.05492999999999992
flight_018,48.0,-25.0,10.0,10.53047,20.10032,73.5814,0.019304144632694812,10.493,0.79467,0.73985,0.05481999999999998
flight_018,49.0,-25.0,10.0,10.530420000000001,20.1475,73.06530000000001,0.016697904060090897,10.493,0.78911,0.7342299999999999,0.05488000000000004
flight_019,0.0,-30.0,0.0,10.910070000000001,21.04849,99.67920000000001,1.010643384186529,9.915899999999999,1.0047700000000002,0.9506600000000001,0.0541100000000001
flight_019,1.0,-30.0,0.0,10.90625,20.941380000000002,99.1048,2.4302228087152833,10.1113,0.9989800000000001,0.94561,0.05337000000000014
flight_019,2.0,-30.0,0.0,10.88118,20.95711,98.525,2.8297207035324172,10.1136,0.99314,0.9407111111111112,0.05242888888888886
flight_019,3.0,-30.0,0.0,10.92225,20.65961,97.9503,2.9247064228739266,10.107099999999999,0.98735,0.93643,0.050919999999999965
flight_019,4.0,-30.0,0.0,10.9745,19.72074,97.38730000000001,2.062929909134094,10.5197,0.9816699999999999,0.9317500000000001,0.04991999999999985
flight_019,5.0,-30.0,0.0,10.932179999999999,20.089480000000002,96.85130000000001,2.3885426058582255,10.6303,0.97625,0.92695,0.0492999999999999
flight_019,6.0,-30.0,0.0,11.040111111111111,18.39952222222222,96.32966666666667,2.7976262557151315,10.51511111111111,0.9709888888888888,0.92233,0.04865888888888881
flight_019,7.0,-30.0,0.0,10.91034,20.12822,95.836,2.854082810641626,10.4987,0.96602,0.91744,0.04857999999999996
flight_019,8.0,-30.0,0.0,10.97193,19.09037,95.28139999999999,1.9957511493169684,10.7862,0.96045,0.9129444444444444,0.04750555555555558
flight_019,9.0,-30.0,0.0,11.076310000000001,17.48497,94.7992,2.2675153229912253,10.8941,0.95556,0.9083399999999999,0.04722000000000004
flight_019,10.0,-30.0,0.0,11.05706,17.89001,94.3112,2.767479750603426,10.617700000000001,0.9506600000000001,0.90359,0.047070000000000056
flight_019,11.0,-30.0,0.0,10.97541,18.514069999999997,93.80969999999999,2.8464007922286703,10.512,0.94561,0.89882,0.04679
flight_019,12.0,-30.0,0.0,11.062466666666667,17.406866666666666,93.32511111111111,2.0550889710697064,10.772666666666668,0.9407111111111112,0.89401,0.04670111111111119
flight_019,13.0,-30.0,0.0,11.12657,16.44924,92.9,2.149877766292772,10.953199999999999,0.93643,0.88925,0.04718
flight_019,14.0,-30.0,0.0,11.073649999999999,17.17893,92.4346,2.735477892434885,10.6388,0.9317500000000001,0.88446,0.047290000000000054
flight_019,15.0,-30.0,0.0,11.13459,16.16097,91.9586,2.8456912235869867,10.5246,0.92695,0.8799444444444444,0.047005555555555634
flight_019,16.0,-30.0,0.0,10.949250000000001,18.33222,91.501,2.3837165183804885,10.5213,0.92233,0.87553,0.04679999999999995
flight_019,17.0,-30.0,0.0,11.067789999999999,16.86339,91.01599999999999,0.3958148430769114,10.6173,0.91744,0.8707499999999999,0.04669000000000012
flight_019,18.0,-30.0,0.0,11.054077777777778,16.981222222222225,90.56977777777779,0.9918659494752278,10.508888888888889,0.9129444444444444,0.8659000000000001,0.04704444444444433
flight_019,19.0,-30.0,0.0,10.99692,17.43209,90.1141,0.8487373563123047,10.5217,0.9083399999999999,0.86114,0.04719999999999991
flight_019,20.0,-30.0,0.0,11.02004,17.00323,89.6426,0.6485705281617412,10.5231,0.90359,0.8563700000000001,0.04721999999999993
flight_019,21.0,-30.0,0.0,10.97211,17.514490000000002,89.1674,0.6293225087345915,10.5181,0.89882,0.8518888888888889,0.046931111111111035
flight_019,22.0,-30.0,0.0,11.0076,16.95524,88.6918,0.5465392392134347,10.5189,0.89401,0.8473200000000001,0.0466899999999999
flight_019,23.0,-30.0,0.0,10.97237,17.4087,88.2204,0.4846181796012196,10.518,0.88925,0.84256,0.04669000000000001
flight_019,24.0,-30.0,0.0,10.98018,17.05364,87.74549999999999,0.432010948935325,10.5171,0.88446,0.83783,0.04663000000000006
flight_019,25.0,-30.0,0.0,10.956677777777777,16.987344444444446,87.29644444444445,0.38803643077027994,10.517,0.8799444444444444,0.8330400000000001,0.046904444444444304
flight_019,26.0,-30.0,0.0,10.9482,16.95384,86.85749999999999,0.3429933089726387,10.517,0.87553,0.8282999999999999,0.047230000000000105
flight_019,27.0,-30.0,0.0,10.91967,17.36182,86.3836,0.3038531224127868,10.516200000000001,0.8707499999999999,0.82355,0.04719999999999991
flight_019,28.0,-30.0,0.0,10.917539999999999,17.238480000000003,85.9026,0.26919221756952777,10.516,0.8659000000000001,0.8189777777777778,0.04692222222222231
flight_019,29.0,-30.0,0.0,10.935970000000001,17.13247,85.4305,0.23835161002183308,10.516,0.86114,0.8144199999999999,0.046720000000000095
flight_019,30.0,-30.0,0.0,10.918949999999999,17.12447,84.95689999999999,0.21110930817943582,10.516,0.8563700000000001,0.8096,0.04677000000000009
flight_019,31.0,-30.0,0.0,10.927522222222223,16.975022222222222,84.512,0.18987877874392375,10.516,0.8518888888888889,0.80478,0.04710888888888887
flight_019,32.0,-30.0,0.0,10.85957,17.41617,84.0604,0.16749167143473134,10.516,0.8473200000000001,0.80006,0.04726000000000008
flight_019,33.0,-30.0,0.0,10.87943,17.16571,83.5876,0.1481990890660263,10.516,0.84256,0.7954,0.04715999999999998
flight_019,34.0,-30.0,0.0,10.87958,16.90407,83.1182,0.13132056198478592,10.516,0.83783,0.7908666666666666,0.04696333333333336
flight_019,35.0,-30.0,0.0,10.85056,17.23449,82.6431,0.11614891303839223,10.516,0.8330400000000001,0.78639,0.04665000000000008
flight_019,36.0,-30.0,0.0,10.87753,16.915039999999998,82.1735,0.10269381675641431,10.516,0.8282999999999999,0.78157,0.04672999999999994
flight_019,37.0,-30.0,0.0,10.82074,17.44088,81.7014,0.09108814412424923,10.5151,0.82355,0.77681,0.046740000000000004
flight_019,38.0,-30.0,0.0,10.823677777777778,17.197477777777777,81.24799999999999,0.08169115279174632,10.515,0.8189777777777778,0.772,0.046977777777777785
flight_019,39.0,-30.0,0.0,10.7962,17.37967,80.7966,0.07211802825923627,10.515,0.8144199999999999,0.7674333333333334,0.04698666666666651
flight_019,40.0,-30.0,0.0,10.79715,17.40908,80.318,0.06404131478975116,10.515,0.8096,0.76291,0.04669000000000001
flight_019,41.0,-30.0,0.0,10.818909999999999,17.07374,79.8407,0.05651937720817526,10.515,0.80478,0.7582099999999999,0.04657000000000011
flight_019,42.0,-30.0,0.0,10.795860000000001,17.08777,79.37129999999999,0.05027146307797297,10.515,0.80006,0.75347,0.04659000000000002
flight_019,43.0,-30.0,0.0,10.810030000000001,16.74025,78.9087,0.04447920862605359,10.515,0.7954,0.74861,0.04679
flight_019,44.0,-30.0,0.0,10.771611111111111,17.18873333333333,78.45922222222222,0.040007715305308514,10.515,0.7908666666666666,0.74389,0.046976666666666556
flight_019,45.0,-30.0,0.0,10.76052,17.077949999999998,78.015,0.035262586405424096,10.515,0.78639,0.7392888888888889,0.04710111111111115
flight_019,46.0,-30.0,0.0,10.7252,17.3892,77.5367,0.031262117650600704,10.515,0.78157,0.7347400000000001,0.04682999999999993
flight_019,47.0,-30.0,0.0,10.76661,16.99937,77.0644,0.0275,10.515,0.77681,0.72999,0.04681999999999997
flight_019,48.0,-30.0,0.0,10.71929,17.4236,76.5885,0.024436857408431226,10.515,0.772,0.72524,0.046760000000000024
flight_019,49.0,-30.0,0.0,10.7172,17.215444444444444,76.13555555555556,0.02197108088059685,10.515,0.7674333333333334,0.7206666666666667,0.046766666666666734
flight_020,0.0,-30.0,0.0,10.885079999999999,21.0877,99.6801,1.016330797526081,9.9398,1.00477,0.95487,0.049899999999999944
flight_020,1.0,-30.0,0.0,10.917629999999999,20.76818,99.1039,2.4374023652240924,10.1342,0.99899,0.95035,0.04864000000000002
flight_020,2.0,-30.0,0.0,10.86691,21.069560000000003,98.5282,2.8311196124501703,10.136,0.9931599999999999,0.94554,0.047619999999999885
flight_020,3.0,-30.0,0.0,10.87755,21.01271,97.9469,2.9238061991178554,10.1295,0.9873100000000001,0.9412555555555555,0.04605444444444462
flight_020,4.0,-30.0,0.0,11.023988888888889,18.9167,97.41466666666666,2.1174564464161088,10.515222222222222,0.9819444444444445,0.93675,0.04519444444444454
flight_020,5.0,-30.0,0.0,11.212610000000002,16.790770000000002,96.9663,2.321481768181693,10.6689,0.97743,0.93201,0.045420000000000016
flight_020,6.0,-30.0,0.0,11.256960000000001,15.89281,96.5144,2.7880366586542578,10.5227,0.97287,0.92734,0.04552999999999996
flight_020,7.0,-30.0,0.0,11.2389,15.89376,96.08630000000001,2.8523874158325686,10.4966,0.9685499999999999,0.9228400000000001,0.045709999999999806
flight_020,8.0,-30.0,0.0,11.111922222222223,17.4536,95.63922222222223,2.066629453069973,10.785111111111112,0.9640555555555557,0.9182333333333332,0.04582222222222243
flight_020,9.0,-30.0,0.0,11.15569,16.81849,95.1951,2.170496742683573,10.957699999999999,0.9595600000000001,0.9136900000000001,0.045869999999999966
flight_020,10.0,-30.0,0.0,11.157070000000001,16.73071,94.7278,2.744248381615629,10.636,0.95487,0.90893,0.04593999999999998
flight_020,11.0,-30.0,0.0,11.248050000000001,15.52009,94.2809,2.8459354982149545,10.5271,0.95035,0.90411,0.04624000000000006
flight_020,12.0,-30.0,0.0,11.036480000000001,17.94954,93.80330000000001,2.0851928112287363,10.7389,0.94554,0.89933,0.046210000000000084
flight_020,13.0,-30.0,0.0,11.126544444444445,16.730544444444448,93.37744444444444,2.109460834513331,10.965,0.9412555555555555,0.8945399999999999,0.04671555555555562
flight_020,14.0,-30.0,0.0,11.1119,16.81756,92.9317,2.7074710820247,10.6542,0.93675,0.8899333333333332,0.04681666666666673
flight_020,15.0,-30.0,0.0,11.061209999999999,17.19263,92.4618,2.8433148313192476,10.5396,0.93201,0.8854200000000001,0.04658999999999991
flight_020,16.0,-30.0,0.0,11.17188,15.942940000000002,91.9976,2.4995519078426836,10.5167,0.92734,0.88067,0.0466700000000001
flight_020,17.0,-30.0,0.0,11.05558,17.04631,91.5513,0.5380993402709207,10.6045,0.9228400000000001,0.87591,0.04693000000000014
flight_020,18.0,-30.0,0.0,11.0206,17.527855555555554,91.095,0.9709982835549539,10.485555555555557,0.9182333333333332,0.8713888888888889,0.046844444444444355
flight_020,19.0,-30.0,0.0,11.04557,17.08898,90.6439,0.9075220438094052,10.4946,0.9136900000000001,0.8669,0.04679000000000011
flight_020,20.0,-30.0,0.0,11.01558,17.18752,90.1716,0.6813775311822368,10.5015,0.90893,0.8621700000000001,0.04675999999999991
flight_020,21.0,-30.0,0.0,10.98971,17.42575,89.6943,0.6618740741258868,10.496500000000001,0.90411,0.8574299999999999,0.046680000000000055
flight_020,22.0,-30.0,0.0,11.006730000000001,17.123820000000002,89.2191,0.583253529779289,10.4978,0.89933,0.85269,0.046640000000000015
flight_020,23.0,-30.0,0.0,10.96688,17.39172,88.7435,0.5181685536579772,10.497,0.8945399999999999,0.84792,0.046619999999999884
flight_020,24.0,-30.0,0.0,10.977411111111111,17.259655555555558,88.28666666666668,0.4722658019106624,10.496555555555554,0.8899333333333332,0.8433666666666667,0.046566666666666534
flight_020,25.0,-30.0,0.0,10.977500000000001,17.12023,87.83840000000001,0.41845776369903814,10.496,0.8854200000000001,0.83884,0.046580000000000066
flight_020,26.0,-30.0,0.0,10.960379999999999,17.124000000000002,87.36800000000001,0.37319005881721984,10.496,0.88067,0.83406,0.04660999999999993
flight_020,27.0,-30.0,0.0,10.94686,17.21735,86.89750000000001,0.33267318797883305,10.4956,0.87591,0.82935,0.046559999999999935
flight_020,28.0,-30.0,0.0,10.965755555555555,16.956566666666667,86.44722222222222,0.3004531556922511,10.495,0.8713888888888889,0.82453,0.046858888888888894
flight_020,29.0,-30.0,0.0,10.934180000000001,17.126179999999998,86.0008,0.2668734906280502,10.495,0.8669,0.8200222222222222,0.046877777777777796
flight_020,30.0,-30.0,0.0,10.958029999999999,16.90678,85.53229999999999,0.23721941320220824,10.495,0.8621700000000001,0.81544,0.04673000000000005
flight_020,31.0,-30.0,0.0,10.950849999999999,16.95391,85.0625,0.21156486003114977,10.495,0.8574299999999999,0.81066,0.04676999999999987
flight_020,32.0,-30.0,0.0,10.89386,17.28142,84.59349999999999,0.1882394751373898,10.495,0.85269,0.8059100000000001,0.04677999999999982
flight_020,33.0,-30.0,0.0,10.90107,17.11784,84.1207,0.16762293995751296,10.495,0.84792,0.80113,0.04679
flight_020,34.0,-30.0,0.0,10.869922222222222,17.3116,83.66722222222222,0.15139470936823177,10.495,0.8433666666666667,0.7964399999999999,0.04692666666666678
flight_020,35.0,-30.0,0.0,10.861630000000002,17.338630000000002,83.2183,0.13426574395578345,10.495,0.83884,0.7919666666666667,0.04687333333333332
flight_020,36.0,-30.0,0.0,10.8809,17.024160000000002,82.7435,0.11945358931400932,10.495,0.83406,0.78745,0.04661000000000004
flight_020,37.0,-30.0,0.0,10.85951,17.04172,82.2755,0.10635309116335076,10.4949,0.82935,0.7827,0.04665000000000008
flight_020,38.0,-30.0,0.0,10.845130000000001,17.25704,81.7984,0.09459053863891463,10.494,0.82453,0.77791,0.046619999999999995
flight_020,39.0,-30.0,0.0,10.844722222222222,17.171222222222223,81.35077777777778,0.0856420918779695,10.494,0.8200222222222222,0.7731600000000001,0.04686222222222214
flight_020,40.0,-30.0,0.0,10.81648,17.32833,80.8966,0.07603795105077464,10.494,0.81544,0.7685888888888889,0.04685111111111118
flight_020,41.0,-30.0,0.0,10.83168,17.10406,80.42269999999999,0.0677728559232972,10.494,0.81066,0.76399,0.0466700000000001
flight_020,42.0,-30.0,0.0,10.805589999999999,17.19156,79.951,0.06040480113368473,10.494,0.8059100000000001,0.75923,0.046680000000000166
flight_020,43.0,-30.0,0.0,10.80968,17.095769999999998,79.4779,0.05374095272694745,10.494,0.80113,0.7544000000000001,0.04672999999999994
flight_020,44.0,-30.0,0.0,10.80856,16.80837,79.0118,0.04764241807465276,10.494,0.7964399999999999,0.74961,0.04682999999999993
flight_020,45.0,-30.0,0.0,10.782633333333333,17.04378888888889,78.56733333333334,0.04315762095984416,10.494,0.7919666666666667,0.7450333333333333,0.04693333333333338
flight_020,46.0,-30.0,0.0,10.768170000000001,17.134539999999998,78.1199,0.038315793088490285,10.494,0.78745,0.74052,0.04693000000000003
flight_020,47.0,-30.0,0.0,10.72305,17.26808,77.648,0.03412345234585739,10.494,0.7827,0.73564,0.04705999999999999
flight_020,48.0,-30.0,0.0,10.772459999999999,16.9756,77.17490000000001,0.030295214143491376,10.494,0.77791,0.73085,0.04705999999999999
flight_020,49.0,-30.0,0.0,10.708459999999999,17.446170000000002,76.7008,0.026943088167468852,10.494,0.7731600000000001,0.72605,0.047110000000000096
flight_021,0.0,-30.0,0.0,10.99135,20.09461,99.6925,1.0115302516484617,9.9176,1.00491,0.9529500000000001,0.051959999999999895
flight_021,1.0,-30.0,0.0,10.96862,20.07348,99.1412,2.4294243433373266,10.1129,0.99936,0.9480600000000001,0.0512999999999999
flight_021,2.0,-30.0,0.0,10.93142,20.52796,98.58070000000001,2.8298198811938544,10.1152,0.9936999999999999,0.94306,0.05063999999999991
flight_021,3.0,-30.0,0.0,10.91875,20.51618,98.01820000000001,2.924906895954126,10.1085,0.98802,0.9387666666666666,0.04925333333333337
flight_021,4.0,-30.0,0.0,11.08886,18.28179,97.4682,2.06599565343202,10.522400000000001,0.98249,0.9342900000000001,0.04819999999999991
flight_021,5.0,-30.0,0.0,11.05141,18.775309999999998,96.9769,2.3898762248283907,10.6335,0.97752,0.9292400000000001,0.04827999999999988
flight_021,6.0,-30.0,0.0,10.985077777777779,19.194833333333335,96.47588888888889,2.7968561715691505,10.521333333333335,0.9724777777777778,0.92416,0.04831777777777779
flight_021,7.0,-30.0,0.0,10.94893,19.612209999999997,95.96549999999999,2.853811538977302,10.4949,0.9673299999999999,0.91909,0.04823999999999995
flight_021,8.0,-30.0,0.0,11.125350000000001,17.448259999999998,95.44239999999999,2.005536481842203,10.8146,0.9620599999999999,0.91426,0.047799999999999954
flight_021,9.0,-30.0,0.0,11.177890000000001,16.38849,94.9986,2.262985287181514,10.9232,0.9575800000000001,0.9095599999999999,0.048020000000000174
flight_021,10.0,-30.0,0.0,11.11732,16.931990000000003,94.5381,2.764295364102758,10.625,0.9529500000000001,0.9050333333333334,0.04791666666666672
flight_021,11.0,-30.0,0.0,11.02479,18.10493,94.0547,2.8465840159742344,10.5155,0.9480600000000001,0.90053,0.04753000000000007
flight_021,12.0,-30.0,0.0,11.11561,16.96861,93.55789999999999,1.9837100241718795,10.806700000000001,0.94306,0.89574,0.04732000000000003
flight_021,13.0,-30.0,0.0,11.143422222222222,16.505222222222223,93.13277777777779,2.209592169509015,10.943222222222223,0.9387666666666666,0.89097,0.0477966666666666
flight_021,14.0,-30.0,0.0,11.0459,17.32463,92.68809999999999,2.7359526786843373,10.6385,0.9342900000000001,0.88623,0.0480600000000001
flight_021,15.0,-30.0,0.0,10.94896,18.60757,92.18719999999999,2.844933134539369,10.5287,0.9292400000000001,0.88149,0.04775000000000007
flight_021,16.0,-30.0,0.0,10.887220000000001,19.03716,91.6839,2.369487693574288,10.526900000000001,0.92416,0.8768,0.04735999999999996
flight_021,17.0,-30.0,0.0,11.02535,17.23801,91.1794,0.40600873143320454,10.6126,0.91909,0.8721,0.046989999999999976
flight_021,18.0,-30.0,0.0,11.05581,16.95677,90.69980000000001,0.9707590895788718,10.5081,0.91426,0.8675555555555555,0.04670444444444444
flight_021,19.0,-30.0,0.0,11.02461,17.05902,90.23440000000001,0.8244841356872794,10.5208,0.9095599999999999,0.8630599999999999,0.046499999999999986
flight_021,20.0,-30.0,0.0,10.997966666666667,17.296633333333332,89.78500000000001,0.6713287174801778,10.520999999999999,0.9050333333333334,0.8582599999999999,0.046773333333333444
flight_021,21.0,-30.0,0.0,11.01307,17.01752,89.3382,0.6474245129742926,10.5163,0.90053,0.85343,0.04710000000000003
flight_021,22.0,-30.0,0.0,11.011109999999999,17.15419,88.863,0.5736951455259144,10.517,0.89574,0.84869,0.047049999999999925
flight_021,23.0,-30.0,0.0,10.994,17.10923,88.3904,0.5145151309728413,10.5163,0.89097,0.84389,0.04708000000000001
flight_021,24.0,-30.0,0.0,10.9933,17.004929999999998,87.92089999999999,0.46428138019955095,10.516,0.88623,0.8393888888888889,0.04684111111111111
flight_021,25.0,-30.0,0.0,10.94281,17.1409,87.4496,0.4164349889238415,10.515699999999999,0.88149,0.8348800000000001,0.04660999999999993
flight_021,26.0,-30.0,0.0,10.97747,16.819960000000002,86.9847,0.373738973081481,10.515,0.8768,0.8301299999999999,0.0466700000000001
flight_021,27.0,-30.0,0.0,10.94696,17.05315,86.5172,0.3356068086317678,10.515,0.8721,0.82539,0.04671000000000003
flight_021,28.0,-30.0,0.0,10.923311111111111,17.29861111111111,86.06677777777777,0.3054530130967389,10.515,0.8675555555555555,0.82064,0.04691555555555549
flight_021,29.0,-30.0,0.0,10.95082,16.94187,85.6208,0.2730544634317484,10.515,0.8630599999999999,0.81594,0.04711999999999994
flight_021,30.0,-30.0,0.0,10.886790000000001,17.467019999999998,85.1452,0.2446563712638606,10.514199999999999,0.8582599999999999,0.81114,0.04711999999999994
flight_021,31.0,-30.0,0.0,10.90338,17.2104,84.6654,0.21954737529745147,10.514,0.85343,0.8065555555555556,0.04687444444444444
flight_021,32.0,-30.0,0.0,10.893609999999999,17.195,84.19550000000001,0.1967562959602564,10.514,0.84869,0.80199,0.046700000000000075
flight_021,33.0,-30.0,0.0,10.90167,17.0744,83.7197,0.1763675990651344,10.514,0.84389,0.79725,0.046640000000000015
flight_021,34.0,-30.0,0.0,10.87368888888889,17.28171111111111,83.27177777777779,0.160703123265108,10.514,0.8393888888888889,0.79258,0.0468088888888889
flight_021,35.0,-30.0,0.0,10.87984,16.884809999999998,82.8253,0.1431530649340069,10.514,0.8348800000000001,0.7878700000000001,0.047009999999999996
flight_021,36.0,-30.0,0.0,10.86381,17.2046,82.3538,0.12864373284385058,10.514,0.8301299999999999,0.7831699999999999,0.04696
flight_021,37.0,-30.0,0.0,10.85181,17.16214,81.8837,0.11518875813203301,10.514,0.82539,0.7784,0.046989999999999976
flight_021,38.0,-30.0,0.0,10.85783,16.883699999999997,81.4125,0.1031489214679436,10.514,0.82064,0.7738666666666667,0.04677333333333333
flight_021,39.0,-30.0,0.0,10.825059999999999,17.1589,80.94579999999999,0.09240703436427337,10.514,0.81594,0.76933,0.04661000000000004
flight_021,40.0,-30.0,0.0,10.82683,17.16182,80.4701,0.08286857064050278,10.514,0.81114,0.7645500000000001,0.04658999999999991
flight_021,41.0,-30.0,0.0,10.770722222222222,17.444744444444446,80.01544444444444,0.07547315768446552,10.514,0.8065555555555556,0.75987,0.046685555555555536
flight_021,42.0,-30.0,0.0,10.7784,17.298930000000002,79.5634,0.06736059679070547,10.514,0.80199,0.75514,0.04684999999999995
flight_021,43.0,-30.0,0.0,10.795910000000001,16.93638,79.0917,0.06042391910493724,10.514,0.79725,0.75044,0.04681000000000002
flight_021,44.0,-30.0,0.0,10.81364,16.79645,78.627,0.054126980333286646,10.514,0.79258,0.74574,0.04683999999999999
flight_021,45.0,-30.0,0.0,10.798449999999999,16.76865,78.1615,0.048437279031754044,10.514,0.7878700000000001,0.7412888888888889,0.046581111111111184
flight_021,46.0,-30.0,0.0,10.73214,17.40795,77.6956,0.043380295065847584,10.514,0.7831699999999999,0.73672,0.04644999999999988
flight_021,47.0,-30.0,0.0,10.774519999999999,17.020580000000002,77.2218,0.0390287073831558,10.514,0.7784,0.73191,0.04649000000000003
flight_021,48.0,-30.0,0.0,10.766566666666668,17.04448888888889,76.77233333333334,0.0355295043451544,10.514,0.7738666666666667,0.7271,0.046766666666666734
flight_021,49.0,-30.0,0.0,10.72634,17.19567,76.3226,0.03170567772497538,10.514,0.76933,0.7223499999999999,0.04698000000000002
flight_022,0.0,-30.0,5.0,10.91789,21.04172,99.6734,1.00941258165331,9.9369,1.00472,0.94999,0.054730000000000056
flight_022,1.0,-30.0,5.0,10.90629,20.82052,99.1066,2.4291230145877747,10.132200000000001,0.99901,0.94546,0.053549999999999986
flight_022,2.0,-30.0,5.0,10.904819999999999,20.89336,98.5282,2.8288196213261814,10.1344,0.9931699999999999,0.94038,0.05278999999999989
flight_022,3.0,-30.0,5.0,10.85532,21.25335,97.9494,2.92340689949244,10.128,0.98734,0.9351499999999999,0.05219000000000007
flight_022,4.0,-30.0,5.0,10.930209999999999,19.990289999999998,97.3696,2.0639955692781897,10.536100000000001,0.98148,0.9300444444444445,0.05143555555555557
flight_022,5.0,-30.0,5.0,11.03362,18.831319999999998,96.8492,2.388165875729741,10.6426,0.97625,0.92574,0.050509999999999944
flight_022,6.0,-30.0,5.0,11.098488888888888,17.77972222222222,96.36533333333334,2.797097477081608,10.524888888888889,0.9713444444444446,0.9202400000000001,0.05110444444444451
flight_022,7.0,-30.0,5.0,10.921719999999999,19.80506,95.8733,2.8535754502027806,10.5003,0.96639,0.9147299999999999,0.05166000000000004
flight_022,8.0,-30.0,5.0,10.860769999999999,20.38375,95.30879999999999,2.0047105277321213,10.8007,0.9607300000000001,0.9094,0.0513300000000001
flight_022,9.0,-30.0,5.0,10.97871,18.86545,94.78540000000001,2.2655359145244205,10.9074,0.95543,0.90406,0.05137000000000003
flight_022,10.0,-30.0,5.0,10.94451,19.02561,94.2449,2.7659185834004587,10.6217,0.94999,0.89886,0.05113000000000001
flight_022,11.0,-30.0,5.0,11.23558,15.530719999999999,93.7967,2.8472445381456084,10.5078,0.94546,0.893788888888889,0.051671111111111
flight_022,12.0,-30.0,5.0,10.88781,19.69351,93.2907,1.9826624574041847,10.7894,0.94038,0.88873,0.051649999999999974
flight_022,13.0,-30.0,5.0,10.95595,18.70221,92.77270000000001,2.246428845968641,10.907900000000001,0.9351499999999999,0.8835200000000001,0.05162999999999984
flight_022,14.0,-30.0,5.0,10.994933333333332,18.14797777777778,92.26555555555555,2.7530660819987327,10.625222222222222,0.9300444444444445,0.8782500000000001,0.051794444444444365
flight_022,15.0,-30.0,5.0,11.03321,17.3979,91.83840000000001,2.8458227966618024,10.5228,0.92574,0.87306,0.05268000000000006
flight_022,16.0,-30.0,5.0,10.75855,20.67635,91.2936,2.3844040764937477,10.5352,0.9202400000000001,0.86782,0.05242000000000002
flight_022,17.0,-30.0,5.0,10.85314,19.162100000000002,90.7471,0.44853925134819583,10.609100000000002,0.9147299999999999,0.86259,0.052139999999999964
flight_022,18.0,-30.0,5.0,10.85196,19.28571,90.21759999999999,0.9954447900310696,10.495000000000001,0.9094,0.8575777777777778,0.051822222222222214
flight_022,19.0,-30.0,5.0,10.87004,19.03699,89.6898,0.8639605372932262,10.5108,0.90406,0.8525,0.05155999999999994
flight_022,20.0,-30.0,5.0,10.86561,18.73478,89.17089999999999,0.6970191532519031,10.513,0.89886,0.84724,0.05162
flight_022,21.0,-30.0,5.0,10.807566666666666,19.327077777777777,88.67022222222222,0.6834259196535649,10.509555555555556,0.893788888888889,0.8419599999999999,0.051828888888889035
flight_022,22.0,-30.0,5.0,10.842310000000001,18.929859999999998,88.16810000000001,0.6065242122125052,10.5109,0.88873,0.83673,0.052000000000000046
flight_022,23.0,-30.0,5.0,10.81915,18.99684,87.6503,0.5454646001346009,10.510200000000001,0.8835200000000001,0.83145,0.05207000000000006
flight_022,24.0,-30.0,5.0,10.83661,18.716720000000002,87.1271,0.4942662642746316,10.51,0.8782500000000001,0.8261900000000001,0.052059999999999995
flight_022,25.0,-30.0,5.0,10.82792,18.70449,86.6135,0.4449992921342684,10.5093,0.87306,0.8212444444444444,0.051815555555555504
flight_022,26.0,-30.0,5.0,10.801300000000001,18.997120000000002,86.0916,0.40116774546316664,10.509,0.86782,0.81637,0.051449999999999996
flight_022,27.0,-30.0,5.0,10.7947,18.79708,85.5744,0.36124520758066814,10.509,0.86259,0.8111200000000001,0.051469999999999905
flight_022,28.0,-30.0,5.0,10.748322222222221,19.08717777777778,85.07733333333334,0.33015785599701125,10.509,0.8575777777777778,0.8058500000000001,0.051727777777777706
flight_022,29.0,-30.0,5.0,10.73902,19.20033,84.5732,0.29589939168575524,10.508,0.8525,0.80066,0.05184
flight_022,30.0,-30.0,5.0,10.743689999999999,19.00722,84.0518,0.26641790480371247,10.508,0.84724,0.7954600000000001,0.05177999999999994
flight_022,31.0,-30.0,5.0,10.762690000000001,18.70626,83.5285,0.23981519968509088,10.508,0.8419599999999999,0.79021,0.05174999999999996
flight_022,32.0,-30.0,5.0,10.71018,19.03458,83.0082,0.21552487095460698,10.508,0.83673,0.7853111111111111,0.0514188888888889
flight_022,33.0,-30.0,5.0,10.722280000000001,18.89696,82.48440000000001,0.1939819579239265,10.508,0.83145,0.78038,0.05107000000000006
flight_022,34.0,-30.0,5.0,10.68375,19.07958,81.9619,0.17472681534326662,10.508,0.8261900000000001,0.77511,0.051080000000000125
flight_022,35.0,-30.0,5.0,10.737866666666667,18.407566666666668,81.47411111111111,0.15918410802248312,10.508,0.8212444444444444,0.76992,0.051324444444444395
flight_022,36.0,-30.0,5.0,10.68276,18.7975,80.9884,0.14278046084811463,10.508,0.81637,0.7647,0.051669999999999994
flight_022,37.0,-30.0,5.0,10.69033,18.804650000000002,80.4668,0.1284065808282426,10.508,0.8111200000000001,0.7595500000000001,0.051570000000000005
flight_022,38.0,-30.0,5.0,10.66217,18.92596,79.9463,0.1153825810077067,10.508,0.8058500000000001,0.75434,0.051510000000000056
flight_022,39.0,-30.0,5.0,10.681059999999999,18.44792,79.4309,0.10390014436948583,10.508,0.80066,0.7493555555555556,0.051304444444444486
flight_022,40.0,-30.0,5.0,10.630939999999999,19.08145,78.9144,0.09327062774528753,10.508,0.7954600000000001,0.7444,0.051060000000000105
flight_022,41.0,-30.0,5.0,10.66378,18.668969999999998,78.393,0.08413441626350063,10.508,0.79021,0.73916,0.05104999999999993
flight_022,42.0,-30.0,5.0,10.666177777777778,18.555566666666667,77.90622222222223,0.07676523454382134,10.508,0.7853111111111111,0.73393,0.0513811111111111
flight_022,43.0,-30.0,5.0,10.64498,18.74931,77.42,0.0685493253066724,10.508,0.78038,0.7287,0.05167999999999995
flight_022,44.0,-30.0,5.0,10.61678,18.933100000000003,76.8963,0.06180517777662323,10.508,0.77511,0.72349,0.05162
flight_022,45.0,-30.0,5.0,10.611189999999999,18.736629999999998,76.3809,0.05550441423886933,10.508,0.76992,0.7183200000000001,0.05159999999999998
flight_022,46.0,-30.0,5.0,10.583079999999999,18.63435,75.864,0.049971291758368626,10.508,0.7647,0.7134111111111111,0.05128888888888894
flight_022,47.0,-30.0,5.0,10.57299,18.77852,75.351,0.04494674626711037,10.508,0.7595500000000001,0.7084900000000001,0.051059999999999994
flight_022,48.0,-30.0,5.0,10.56481,18.7071,74.8348,0.04043389667098634,10.508,0.75434,0.7032999999999999,0.051040000000000085
flight_022,49.0,-30.0,5.0,10.536144444444444,18.96026666666667,74.342,0.036921839366724704,10.508,0.7493555555555556,0.6980999999999999,0.05125555555555561
flight_023,0.0,-30.0,5.0,10.8488,21.92702,99.6653,1.0128254094363944,9.9313,1.00464,0.94934,0.055300000000000016
flight_023,1.0,-30.0,5.0,10.87971,21.29158,99.0749,2.42962161663087,10.126000000000001,0.9986700000000001,0.9433299999999999,0.05534000000000017
flight_023,2.0,-30.0,5.0,10.7918,22.05509,98.4731,2.829119619245535,10.1283,0.99261,0.93751,0.05510000000000004
flight_023,3.0,-30.0,5.0,10.775220000000001,22.36053,97.8619,2.9239068983125986,10.121599999999999,0.9864599999999999,0.9325699999999999,0.05388999999999999
flight_023,4.0,-30.0,5.0,11.01293,18.985840000000003,97.2736,2.0654780512026747,10.530100000000001,0.98052,0.9274111111111112,0.05310888888888876
flight_023,5.0,-30.0,5.0,10.969759999999999,19.35099,96.7739,2.3883974250530415,10.6383,0.9754799999999999,0.92254,0.052939999999999876
flight_023,6.0,-30.0,5.0,11.071211111111111,17.968722222222222,96.26988888888889,2.7972233609177866,10.522333333333332,0.9704000000000002,0.91762,0.05278000000000016
flight_023,7.0,-30.0,5.0,10.8863,20.27119,95.7795,2.8539869113224747,10.496300000000002,0.96545,0.91243,0.05302000000000007
flight_023,8.0,-30.0,5.0,10.981739999999999,18.76183,95.2207,2.011176399523423,10.8098,0.95983,0.90716,0.052669999999999995
flight_023,9.0,-30.0,5.0,10.97132,19.028489999999998,94.72370000000001,2.262936223140193,10.9198,0.9548099999999999,0.90198,0.05282999999999993
flight_023,10.0,-30.0,5.0,10.85932,20.21328,94.1808,2.764683320020577,10.622800000000002,0.94934,0.8968299999999999,0.05251000000000006
flight_023,11.0,-30.0,5.0,10.65269,22.54266,93.5841,2.846576521016078,10.5139,0.9433299999999999,0.8917999999999999,0.051529999999999965
flight_023,12.0,-30.0,5.0,10.96062,18.466569999999997,93.0069,1.9830534183425317,10.8044,0.93751,0.88681,0.05069999999999997
flight_023,13.0,-30.0,5.0,10.95722,18.70477,92.51610000000001,2.24502380610986,10.9197,0.9325699999999999,0.88154,0.05102999999999991
flight_023,14.0,-30.0,5.0,10.810355555555555,20.259055555555555,92.00511111111112,2.752622356863755,10.629666666666667,0.9274111111111112,0.8763099999999999,0.051101111111111264
flight_023,15.0,-30.0,5.0,11.090729999999999,16.45672,91.52250000000001,2.8457356324859133,10.5248,0.92254,0.8711399999999999,0.05140000000000011
flight_023,16.0,-30.0,5.0,10.886709999999999,18.9922,91.0341,2.3812966404881184,10.532599999999999,0.91762,0.86596,0.05166000000000004
flight_023,17.0,-30.0,5.0,10.914010000000001,18.71089,90.5167,0.4503707361718787,10.6043,0.91243,0.8610000000000001,0.051429999999999865
flight_023,18.0,-30.0,5.0,10.86195,19.00856,89.9968,0.9910416388830492,10.4911,0.90716,0.85609,0.05106999999999995
flight_023,19.0,-30.0,5.0,10.90758,18.38859,89.4803,0.867246631587578,10.5064,0.90198,0.85085,0.05113000000000001
flight_023,20.0,-30.0,5.0,10.84711,18.90197,88.9706,0.7026175488841707,10.5089,0.8968299999999999,0.84562,0.05120999999999987
flight_023,21.0,-30.0,5.0,10.844144444444446,18.851422222222222,88.47244444444443,0.6893190234204933,10.505555555555556,0.8917999999999999,0.84047,0.051329999999999876
flight_023,22.0,-30.0,5.0,10.84216,19.04836,87.9759,0.6146650063245833,10.5068,0.88681,0.8353299999999999,0.05148000000000008
flight_023,23.0,-30.0,5.0,10.80251,19.01657,87.45349999999999,0.5546020284852915,10.5061,0.88154,0.83018,0.05135999999999996
flight_023,24.0,-30.0,5.0,10.83882,18.66629,86.9362,0.5043105392513625,10.506,0.8763099999999999,0.8253444444444444,0.050965555555555486
flight_023,25.0,-30.0,5.0,10.83339,18.60398,86.4211,0.45554295077412843,10.5052,0.8711399999999999,0.8204499999999999,0.05069000000000001
flight_023,26.0,-30.0,5.0,10.80067,18.741319999999998,85.9086,0.41202738986625637,10.505,0.86596,0.81516,0.050799999999999956
flight_023,27.0,-30.0,5.0,10.788822222222223,18.7467,85.41744444444446,0.3776235796414659,10.505,0.8610000000000001,0.80992,0.051080000000000125
flight_023,28.0,-30.0,5.0,10.79907,18.75658,84.92830000000001,0.33983144351280975,10.505,0.85609,0.80478,0.05130999999999997
flight_023,29.0,-30.0,5.0,10.75484,18.73123,84.4084,0.30700651458886014,10.5041,0.85085,0.79962,0.05123
flight_023,30.0,-30.0,5.0,10.76042,18.60411,83.8913,0.2771486604694311,10.504,0.84562,0.79444,0.05118
flight_023,31.0,-30.0,5.0,10.75163,18.61298,83.3794,0.2502411037379751,10.504,0.84047,0.7896,0.05087000000000008
flight_023,32.0,-30.0,5.0,10.763020000000001,18.58191,82.87100000000001,0.22581906473989302,10.504,0.8353299999999999,0.78478,0.05054999999999987
flight_023,33.0,-30.0,5.0,10.75402,18.42827,82.3599,0.20385033725750862,10.504,0.83018,0.77964,0.05054000000000003
flight_023,34.0,-30.0,5.0,10.762488888888889,18.098522222222222,81.87966666666667,0.18665863077941092,10.504,0.8253444444444444,0.77459,0.050754444444444435
flight_023,35.0,-30.0,5.0,10.66966,19.06749,81.3927,0.16798121918833664,10.504,0.8204499999999999,0.76937,0.0510799999999999
flight_023,36.0,-30.0,5.0,10.68398,18.86352,80.87,0.15149986798674117,10.504,0.81516,0.7641899999999999,0.05097000000000007
flight_023,37.0,-30.0,5.0,10.67294,18.728270000000002,80.3501,0.13655508046206113,10.504,0.80992,0.75911,0.05081000000000002
flight_023,38.0,-30.0,5.0,10.685590000000001,18.43542,79.8403,0.12331459767602537,10.504,0.80478,0.7542555555555555,0.050524444444444594
flight_023,39.0,-30.0,5.0,10.6616,18.63425,79.3275,0.11126783003186501,10.504,0.79962,0.74933,0.050289999999999946
flight_023,40.0,-30.0,5.0,10.65933,18.68083,78.8139,0.10037972902932144,10.504,0.79444,0.74425,0.05019000000000007
flight_023,41.0,-30.0,5.0,10.689444444444444,18.11232222222222,78.33244444444443,0.09189909925806915,10.504,0.7896,0.73915,0.050449999999999995
flight_023,42.0,-30.0,5.0,10.65236,18.487479999999998,77.8553,0.08262021544392147,10.504,0.78478,0.73399,0.05079
flight_023,43.0,-30.0,5.0,10.67335,18.17251,77.3458,0.07462901580484631,10.504,0.77964,0.7288,0.050839999999999996
flight_023,44.0,-30.0,5.0,10.62482,18.58434,76.8438,0.06731909090295264,10.504,0.77459,0.7236100000000001,0.050979999999999914
flight_023,45.0,-30.0,5.0,10.60329,18.73151,76.32730000000001,0.060821460028512964,10.504,0.76937,0.7187111111111111,0.05065888888888892
flight_023,46.0,-30.0,5.0,10.61748,18.55624,75.81370000000001,0.054644304369257005,10.504,0.7641899999999999,0.7138199999999999,0.050370000000000026
flight_023,47.0,-30.0,5.0,10.61551,18.30409,75.3081,0.049324436134638175,10.504,0.75911,0.70864,0.050469999999999904
flight_023,48.0,-30.0,5.0,10.58331111111111,18.507855555555555,74.82533333333333,0.045119320544748376,10.504,0.7542555555555555,0.7035,0.05075555555555544
flight_023,49.0,-30.0,5.0,10.57356,18.52824,74.3391,0.04069705149024926,10.504,0.74933,0.69833,0.051000000000000045
flight_024,0.0,-30.0,5.0,10.76972,22.632119999999997,99.65799999999999,1.0103641868158233,9.9267,1.0045600000000001,0.9433199999999999,0.06124000000000018
flight_024,1.0,-30.0,5.0,10.71451,23.27189,99.0261,2.429921632481179,10.122,0.9981899999999999,0.9374100000000001,0.060779999999999834
flight_024,2.0,-30.0,5.0,10.71983,23.247,98.38419999999999,2.829519616472026,10.1243,0.99171,0.93164,0.06006999999999996
flight_024,3.0,-30.0,5.0,10.69041,23.309530000000002,97.744,2.924506896897321,10.1176,0.98526,0.9269333333333333,0.05832666666666675
flight_024,4.0,-30.0,5.0,10.80522,21.52222,97.1172,2.066970880298027,10.5308,0.97894,0.92208,0.05686000000000002
flight_024,5.0,-30.0,5.0,10.7331,22.39249,96.5226,2.388236091763124,10.6397,0.97295,0.9168200000000001,0.0561299999999999
flight_024,6.0,-30.0,5.0,10.653555555555556,23.25291111111111,95.92344444444444,2.7968978428269198,10.522777777777778,0.966911111111111,0.91138,0.05553111111111109
flight_024,7.0,-30.0,5.0,10.7374,22.23978,95.3227,2.8540401293604827,10.4954,0.96083,0.90615,0.05467999999999995
flight_024,8.0,-30.0,5.0,10.81225,20.92488,94.7243,2.011189304864164,10.8117,0.95482,0.90091,0.05391000000000001
flight_024,9.0,-30.0,5.0,10.82534,20.739690000000003,94.1646,2.2651487677413153,10.9197,0.94917,0.8956799999999999,0.05349000000000004
flight_024,10.0,-30.0,5.0,10.78331,21.11283,93.5843,2.7649156569414552,10.622800000000002,0.9433199999999999,0.8905200000000001,0.05279999999999985
flight_024,11.0,-30.0,5.0,10.73274,21.36701,92.9986,2.8460779574705963,10.5193,0.9374100000000001,0.8855666666666667,0.05184333333333335
flight_024,12.0,-30.0,5.0,10.91263,18.91184,92.4241,1.9586575249389566,10.774,0.93164,0.88056,0.051080000000000014
flight_024,13.0,-30.0,5.0,10.943866666666667,18.74941111111111,91.95766666666667,2.2289400847116925,10.907777777777778,0.9269333333333333,0.8753400000000001,0.05159333333333316
flight_024,14.0,-30.0,5.0,10.97946,17.92928,91.4768,2.742285986180143,10.6369,0.92208,0.8701700000000001,0.0519099999999999
flight_024,15.0,-30.0,5.0,10.820829999999999,19.76854,90.9551,2.845367022020182,10.5268,0.9168200000000001,0.86488,0.0519400000000001
flight_024,16.0,-30.0,5.0,10.83347,19.5364,90.4134,2.325427154309504,10.513200000000001,0.91138,0.85965,0.05172999999999994
flight_024,17.0,-30.0,5.0,10.92541,18.31354,89.8958,0.4016181644298475,10.5671,0.90615,0.8546777777777778,0.05147222222222225
flight_024,18.0,-30.0,5.0,10.85294,19.01121,89.3765,0.9629928504407498,10.4672,0.90091,0.84982,0.05108999999999997
flight_024,19.0,-30.0,5.0,10.871970000000001,18.77456,88.8569,0.8344803293068086,10.4801,0.8956799999999999,0.8446300000000001,0.05104999999999982
flight_024,20.0,-30.0,5.0,10.88445,18.57911,88.3443,0.6856620814949591,10.480799999999999,0.8905200000000001,0.8394299999999999,0.05109000000000019
flight_024,21.0,-30.0,5.0,10.828911111111111,18.93592222222222,87.8528888888889,0.6726103654447378,10.477222222222222,0.8855666666666667,0.83435,0.05121666666666669
flight_024,22.0,-30.0,5.0,10.82493,18.817600000000002,87.3576,0.6030300158366911,10.478,0.88056,0.82922,0.05134000000000005
flight_024,23.0,-30.0,5.0,10.84459,18.61654,86.8407,0.5468097383917006,10.4777,0.8753400000000001,0.82401,0.0513300000000001
flight_024,24.0,-30.0,5.0,10.806529999999999,18.91726,86.3253,0.49928634069038985,10.477,0.8701700000000001,0.8189888888888889,0.05118111111111123
flight_024,25.0,-30.0,5.0,10.79182,18.93793,85.80030000000001,0.45325050468808087,10.477,0.86488,0.8141,0.050779999999999936
flight_024,26.0,-30.0,5.0,10.791540000000001,18.85998,85.28240000000001,0.41177238858379034,10.476700000000001,0.85965,0.80895,0.05070000000000008
flight_024,27.0,-30.0,5.0,10.790211111111113,18.6217,84.79277777777777,0.3789430557566306,10.476,0.8546777777777778,0.80375,0.050927777777777794
flight_024,28.0,-30.0,5.0,10.79628,18.5228,84.3064,0.3428600005833285,10.476,0.84982,0.7985800000000001,0.05123999999999995
flight_024,29.0,-30.0,5.0,10.769839999999999,18.69531,83.7929,0.31090474425457065,10.476,0.8446300000000001,0.7934300000000001,0.05120000000000002
flight_024,30.0,-30.0,5.0,10.74042,18.777189999999997,83.2773,0.28226294478730285,10.476,0.8394299999999999,0.78822,0.05120999999999987
flight_024,31.0,-30.0,5.0,10.80743,17.94405,82.7708,0.25574090404157096,10.476,0.83435,0.7833111111111112,0.051038888888888856
flight_024,32.0,-30.0,5.0,10.723400000000002,18.81681,82.2635,0.23210277895794357,10.476,0.82922,0.77849,0.05072999999999994
flight_024,33.0,-30.0,5.0,10.747119999999999,18.70626,81.7462,0.2104777422911981,10.476,0.82401,0.77337,0.05064000000000002
flight_024,34.0,-30.0,5.0,10.674711111111112,18.997355555555558,81.24977777777778,0.1935670681612531,10.476,0.8189888888888889,0.76823,0.05075888888888891
flight_024,35.0,-30.0,5.0,10.72785,18.42174,80.7636,0.17469710930636487,10.4757,0.8141,0.76296,0.051140000000000074
flight_024,36.0,-30.0,5.0,10.69187,18.67479,80.25309999999999,0.1586256599671062,10.475,0.80895,0.75773,0.05121999999999993
flight_024,37.0,-30.0,5.0,10.677710000000001,18.66753,79.7375,0.14371708318776857,10.475,0.80375,0.75255,0.05119999999999991
flight_024,38.0,-30.0,5.0,10.669880000000001,18.66921,79.224,0.13011510288971068,10.475,0.7985800000000001,0.7475666666666667,0.051013333333333355
flight_024,39.0,-30.0,5.0,10.65062,18.56685,78.71279999999999,0.11823759977266116,10.475,0.7934300000000001,0.74261,0.05082000000000009
flight_024,40.0,-30.0,5.0,10.66083,18.6078,78.1981,0.1073153297530227,10.475,0.78822,0.73743,0.05079
flight_024,41.0,-30.0,5.0,10.639922222222221,18.540044444444444,77.70922222222222,0.0984751018228077,10.475,0.7833111111111112,0.73229,0.051021111111111184
flight_024,42.0,-30.0,5.0,10.65692,18.26556,77.2315,0.08884081269326614,10.475,0.77849,0.72717,0.05132000000000003
flight_024,43.0,-30.0,5.0,10.64997,18.41798,76.72200000000001,0.08059311384975766,10.475,0.77337,0.722,0.05137000000000003
flight_024,44.0,-30.0,5.0,10.598989999999999,18.75845,76.2128,0.07318558601254758,10.475,0.76823,0.71684,0.051389999999999936
flight_024,45.0,-30.0,5.0,10.56749,19.08871,75.6909,0.06629057248206564,10.475,0.76296,0.7119,0.051059999999999994
flight_024,46.0,-30.0,5.0,10.595,18.60498,75.1729,0.06014914795739005,10.475,0.75773,0.70704,0.05069000000000001
flight_024,47.0,-30.0,5.0,10.55894,18.77483,74.6575,0.05454218550810006,10.475,0.75255,0.70191,0.05064000000000002
flight_024,48.0,-30.0,5.0,10.540966666666668,18.870744444444444,74.16322222222223,0.04988208317845418,10.475,0.7475666666666667,0.69676,0.05080666666666667
flight_024,49.0,-30.0,5.0,10.56283,18.67783,73.67089999999999,0.045347767309979005,10.475,0.74261,0.6916800000000001,0.05092999999999992
flight_025,0.0,-30.0,10.0,10.73226,23.22534,99.6413,1.0151300310797629,9.8994,1.00438,0.94323,0.06115000000000004
flight_025,1.0,-30.0,10.0,10.76046,22.717589999999998,99.0162,2.433020051294276,10.094,0.9980800000000001,0.93794,0.06014000000000008
flight_025,2.0,-30.0,10.0,10.684090000000001,23.49159,98.38210000000001,2.8322193347267435,10.0962,0.99169,0.9319599999999999,0.05973000000000006
flight_025,3.0,-30.0,10.0,10.68587,23.16266,97.7365,2.926906711871767,10.0896,0.9851800000000001,0.9264222222222221,0.05875777777777791
flight_025,4.0,-30.0,10.0,10.7537,22.38125,97.0934,2.068036513217308,10.505500000000001,0.9787100000000001,0.9205,0.058210000000000095
flight_025,5.0,-30.0,10.0,10.83268,21.252959999999998,96.5149,2.390288580903988,10.621500000000001,0.97288,0.91518,0.057699999999999974
flight_025,6.0,-30.0,10.0,10.759544444444444,21.969455555555555,95.94522222222221,2.7981438711147057,10.514888888888889,0.9671333333333334,0.9094599999999999,0.057673333333333465
flight_025,7.0,-30.0,10.0,10.79517,21.29337,95.3681,2.854509745998426,10.4967,0.9613099999999999,0.90392,0.05738999999999994
flight_025,8.0,-30.0,10.0,10.684520000000001,22.73124,94.7578,2.010898918394458,10.8142,0.95516,0.89811,0.057050000000000045
flight_025,9.0,-30.0,10.0,10.78864,21.073529999999998,94.1729,2.262231610600471,10.9236,0.9492800000000001,0.89232,0.05696000000000012
flight_025,10.0,-30.0,10.0,10.851949999999999,20.197570000000002,93.5758,2.7642179418417787,10.6249,0.94323,0.8868222222222222,0.056407777777777834
flight_025,11.0,-30.0,10.0,10.73675,21.28922,93.0484,2.845829764761062,10.5203,0.93794,0.8813599999999999,0.056580000000000075
flight_025,12.0,-30.0,10.0,10.81298,20.50829,92.4548,1.972687235726941,10.7918,0.9319599999999999,0.8757300000000001,0.05622999999999978
flight_025,13.0,-30.0,10.0,10.71558888888889,21.45012222222222,91.90622222222221,2.2179017890066755,10.923444444444446,0.9264222222222221,0.8699899999999999,0.05643222222222222
flight_025,14.0,-30.0,10.0,10.71664,21.34016,91.3195,2.73843899146941,10.6356,0.9205,0.86426,0.05623999999999996
flight_025,15.0,-30.0,10.0,10.88819,19.14774,90.7912,2.845262175969027,10.529,0.91518,0.85856,0.056620000000000004
flight_025,16.0,-30.0,10.0,10.730509999999999,20.606460000000002,90.2243,2.3605764401942166,10.525400000000001,0.9094599999999999,0.85291,0.05654999999999999
flight_025,17.0,-30.0,10.0,10.73788,20.50022,89.674,0.43712619459373514,10.5863,0.90392,0.8475444444444444,0.05637555555555551
flight_025,18.0,-30.0,10.0,10.68215,20.96183,89.0989,0.9989148161880471,10.477,0.89811,0.84217,0.05593999999999999
flight_025,19.0,-30.0,10.0,10.689960000000001,20.81746,88.5245,0.8796985279060094,10.4915,0.89232,0.8364800000000001,0.05583999999999989
flight_025,20.0,-30.0,10.0,10.679477777777779,20.914144444444442,87.97855555555556,0.7306904649409048,10.493888888888888,0.8868222222222222,0.83086,0.055962222222222135
flight_025,21.0,-30.0,10.0,10.6952,20.45327,87.437,0.7059095763622987,10.49,0.8813599999999999,0.82524,0.05611999999999995
flight_025,22.0,-30.0,10.0,10.7183,20.27175,86.87809999999999,0.6392761922674738,10.491,0.8757300000000001,0.81959,0.05614000000000008
flight_025,23.0,-30.0,10.0,10.64908,20.784460000000003,86.309,0.5808678851511762,10.4905,0.8699899999999999,0.81401,0.05597999999999992
flight_025,24.0,-30.0,10.0,10.660639999999999,20.56841,85.7402,0.5312172907577463,10.49,0.86426,0.8086555555555556,0.055604444444444456
flight_025,25.0,-30.0,10.0,10.65767,20.44107,85.17530000000001,0.48374621445547256,10.49,0.85856,0.80329,0.05527000000000004
flight_025,26.0,-30.0,10.0,10.63005,20.44129,84.6143,0.440620982251186,10.4893,0.85291,0.7976,0.05530999999999997
flight_025,27.0,-30.0,10.0,10.621677777777778,20.295233333333336,84.08211111111112,0.40648891075637134,10.489,0.8475444444444444,0.79191,0.05563444444444443
flight_025,28.0,-30.0,10.0,10.61571,20.41114,83.548,0.3683009774627268,10.489,0.84217,0.78627,0.05589999999999995
flight_025,29.0,-30.0,10.0,10.59329,20.49759,82.9832,0.33508163184513706,10.489,0.8364800000000001,0.78067,0.05581000000000014
flight_025,30.0,-30.0,10.0,10.62684,19.937720000000002,82.4259,0.3045337748099544,10.489,0.83086,0.77501,0.055850000000000066
flight_025,31.0,-30.0,10.0,10.57989,20.48649,81.869,0.27671669627978723,10.488900000000001,0.82524,0.7696999999999999,0.055540000000000034
flight_025,32.0,-30.0,10.0,10.582559999999999,20.25447,81.3075,0.2515998807630878,10.488,0.81959,0.76432,0.05527000000000004
flight_025,33.0,-30.0,10.0,10.57848,20.10299,80.7534,0.22863617386581678,10.488,0.81401,0.7586700000000001,0.055339999999999945
flight_025,34.0,-30.0,10.0,10.575577777777777,20.25698888888889,80.22277777777778,0.21052937392190815,10.488,0.8086555555555556,0.7529399999999999,0.05571555555555563
flight_025,35.0,-30.0,10.0,10.54794,20.39725,79.6919,0.19052375180013645,10.488,0.80329,0.74726,0.05602999999999991
flight_025,36.0,-30.0,10.0,10.544599999999999,20.44689,79.1275,0.17312683212026958,10.488,0.7976,0.74158,0.05601999999999996
flight_025,37.0,-30.0,10.0,10.49449,20.53796,78.5625,0.15737102655825816,10.488,0.79191,0.73594,0.055969999999999964
flight_025,38.0,-30.0,10.0,10.52993,20.134970000000003,78.00309999999999,0.14266215335540117,10.488,0.78627,0.7306666666666666,0.05560333333333345
flight_025,39.0,-30.0,10.0,10.519020000000001,20.24584,77.4477,0.12980512316545909,10.488,0.78067,0.7252500000000001,0.055419999999999914
flight_025,40.0,-30.0,10.0,10.48946,20.24213,76.88640000000001,0.11800953351318698,10.488,0.77501,0.71962,0.05538999999999994
flight_025,41.0,-30.0,10.0,10.481933333333334,20.36272222222222,76.359,0.1084961739098961,10.488,0.7696999999999999,0.714,0.05569999999999997
flight_025,42.0,-30.0,10.0,10.481399999999999,20.2725,75.8249,0.09816363888935659,10.488,0.76432,0.70846,0.05586000000000002
flight_025,43.0,-30.0,10.0,10.43817,20.450219999999998,75.2651,0.08913859994413194,10.488,0.7586700000000001,0.7029,0.0557700000000001
flight_025,44.0,-30.0,10.0,10.40343,20.820330000000002,74.69579999999999,0.08099635794281124,10.488,0.7529399999999999,0.6975444444444444,0.05539555555555553
flight_025,45.0,-30.0,10.0,10.45041,20.21875,74.13250000000001,0.0736740117001918,10.488,0.74726,0.69223,0.05503000000000002
flight_025,46.0,-30.0,10.0,10.401990000000001,20.530009999999997,73.56949999999999,0.0669196533164959,10.488,0.74158,0.68663,0.054950000000000054
flight_025,47.0,-30.0,10.0,10.45143,19.96325,73.0096,0.06086485028322998,10.488,0.73594,0.68101,0.054930000000000034
flight_025,48.0,-30.0,10.0,10.38588888888889,20.32868888888889,72.486,0.05599085022253167,10.488,0.7306666666666666,0.6754800000000001,0.055186666666666495
flight_025,49.0,-30.0,10.0,10.38405,20.44668,71.9505,0.0506353631368434,10.488,0.7252500000000001,0.6699200000000001,0.05532999999999999
flight_026,0.0,-30.0,10.0,10.78755,22.65969,99.64970000000001,1.0141509700236941,9.9118,1.00447,0.94388,0.06058999999999992
flight_026,1.0,-30.0,10.0,10.7571,22.883000000000003,99.03049999999999,2.432720129813539,10.1066,0.99821,0.9379,0.060310000000000086
flight_026,2.0,-30.0,10.0,10.68656,23.39075,98.39059999999999,2.831619338823635,10.1086,0.99179,0.9319888888888889,0.05980111111111108
flight_026,3.0,-30.0,10.0,10.66528,23.5628,97.7423,2.926106595802689,10.1021,0.9852299999999999,0.92668,0.05854999999999999
flight_026,4.0,-30.0,10.0,10.821549999999998,21.51829,97.1071,2.063750026044821,10.517700000000001,0.9788499999999999,0.92074,0.058109999999999884
flight_026,5.0,-30.0,10.0,10.807366666666667,21.538655555555557,96.56577777777778,2.3657401681524277,10.64188888888889,0.973388888888889,0.91465,0.05873888888888901
flight_026,6.0,-30.0,10.0,10.75574,21.930619999999998,95.9939,2.7861977855134406,10.516,0.96761,0.90852,0.059089999999999976
flight_026,7.0,-30.0,10.0,10.790989999999999,21.37275,95.3937,2.854042580271009,10.4971,0.9615600000000001,0.90276,0.058800000000000074
flight_026,8.0,-30.0,10.0,10.779900000000001,21.42485,94.79220000000001,2.0029624085339197,10.8168,0.9555,0.8973888888888888,0.058111111111111224
flight_026,9.0,-30.0,10.0,10.81198,20.95089,94.2264,2.266174128349364,10.9214,0.94978,0.89191,0.05786999999999998
flight_026,10.0,-30.0,10.0,10.75218,21.486349999999998,93.6378,2.7657510336254054,10.6239,0.94388,0.8861000000000001,0.05777999999999994
flight_026,11.0,-30.0,10.0,10.71987,21.70157,93.0458,2.8463323014012265,10.5144,0.9379,0.88035,0.05754999999999999
flight_026,12.0,-30.0,10.0,10.741822222222222,21.221544444444444,92.46066666666667,2.0648315508373396,10.777555555555557,0.9319888888888889,0.87464,0.057348888888888894
flight_026,13.0,-30.0,10.0,10.73464,21.14904,91.9324,2.154198164050838,10.959,0.92668,0.86898,0.057699999999999974
flight_026,14.0,-30.0,10.0,10.71782,21.27259,91.3416,2.736784123748163,10.6387,0.92074,0.86334,0.05740000000000001
flight_026,15.0,-30.0,10.0,10.65247,22.09619,90.7394,2.845325438328628,10.529399999999999,0.91465,0.8580333333333333,0.05661666666666665
flight_026,16.0,-30.0,10.0,10.629529999999999,21.90373,90.132,2.3512601685053918,10.5121,0.90852,0.85272,0.05579999999999996
flight_026,17.0,-30.0,10.0,10.760810000000001,20.11357,89.5605,0.4228333241361186,10.5695,0.90276,0.8470700000000001,0.055689999999999906
flight_026,18.0,-30.0,10.0,10.748077777777777,20.58687777777778,89.02600000000001,0.9555940625316165,10.468444444444446,0.8973888888888888,0.84142,0.055968888888888846
flight_026,19.0,-30.0,10.0,10.69473,20.74263,88.4851,0.8792997782326573,10.4783,0.89191,0.83572,0.05618999999999996
flight_026,20.0,-30.0,10.0,10.66177,21.15379,87.9082,0.7046582221190639,10.4822,0.8861000000000001,0.8299799999999999,0.05612000000000017
flight_026,21.0,-30.0,10.0,10.699119999999999,20.46037,87.33590000000001,0.6860166907590514,10.478,0.88035,0.8245888888888888,0.05576111111111115
flight_026,22.0,-30.0,10.0,10.67153,20.56842,86.7698,0.6239939502911868,10.4789,0.87464,0.8192999999999999,0.055340000000000056
flight_026,23.0,-30.0,10.0,10.69318,20.17358,86.2088,0.5687362306025527,10.4783,0.86898,0.8136699999999999,0.05531000000000008
flight_026,24.0,-30.0,10.0,10.67165,20.246950000000002,85.6502,0.5220728014367345,10.478,0.86334,0.8080299999999999,0.05531000000000008
flight_026,25.0,-30.0,10.0,10.662177777777778,20.357633333333336,85.12211111111111,0.4833762049951938,10.478,0.8580333333333333,0.80245,0.05558333333333332
flight_026,26.0,-30.0,10.0,10.67908,20.086930000000002,84.5946,0.4399902271641951,10.477,0.85272,0.79684,0.05588000000000004
flight_026,27.0,-30.0,10.0,10.64706,20.16039,84.0356,0.4019195193070374,10.477,0.8470700000000001,0.7911900000000001,0.05588000000000004
flight_026,28.0,-30.0,10.0,10.59586,20.548740000000002,83.47380000000001,0.3669387414814631,10.477,0.84142,0.7858555555555555,0.055564444444444416
flight_026,29.0,-30.0,10.0,10.59255,20.56317,82.9096,0.334944920845204,10.477,0.83572,0.78052,0.05520000000000003
flight_026,30.0,-30.0,10.0,10.57015,20.717670000000002,82.33869999999999,0.30560186517755417,10.477,0.8299799999999999,0.77498,0.05499999999999994
flight_026,31.0,-30.0,10.0,10.602477777777779,20.165777777777777,81.80444444444444,0.28262844780059354,10.477,0.8245888888888888,0.76934,0.05524888888888879
flight_026,32.0,-30.0,10.0,10.61246,19.91825,81.2804,0.25667337220677955,10.4765,0.8192999999999999,0.76375,0.05554999999999988
flight_026,33.0,-30.0,10.0,10.56767,20.51697,80.7221,0.23402649422661528,10.476,0.8136699999999999,0.75808,0.05558999999999992
flight_026,34.0,-30.0,10.0,10.571169999999999,20.10109,80.1621,0.21348203671503604,10.476,0.8080299999999999,0.7528222222222223,0.055207777777777634
flight_026,35.0,-30.0,10.0,10.56306,20.128809999999998,79.6077,0.19470927045212816,10.476,0.80245,0.7474999999999999,0.054950000000000054
flight_026,36.0,-30.0,10.0,10.53483,20.39018,79.0519,0.17740837071570215,10.476,0.79684,0.74185,0.05498999999999998
flight_026,37.0,-30.0,10.0,10.516169999999999,20.3141,78.4915,0.1618110317623616,10.476,0.7911900000000001,0.73625,0.0549400000000001
flight_026,38.0,-30.0,10.0,10.513577777777776,20.22971111111111,77.96033333333334,0.14970753380846383,10.476,0.7858555555555555,0.73073,0.05512555555555554
flight_026,39.0,-30.0,10.0,10.531659999999999,19.85498,77.433,0.13570943224404114,10.476,0.78052,0.7252500000000001,0.05526999999999993
flight_026,40.0,-30.0,10.0,10.491589999999999,20.20325,76.8819,0.12384005813952124,10.476,0.77498,0.71976,0.05522000000000005
flight_026,41.0,-30.0,10.0,10.4841,20.31931,76.32329999999999,0.1128292958411068,10.476,0.76934,0.7145,0.05484
flight_026,42.0,-30.0,10.0,10.449580000000001,20.30461,75.7673,0.10281575754717756,10.476,0.76375,0.70922,0.05453000000000008
flight_026,43.0,-30.0,10.0,10.46785,20.0888,75.2068,0.09368078778490282,10.476,0.75808,0.7036800000000001,0.05439999999999989
flight_026,44.0,-30.0,10.0,10.462733333333334,19.95017777777778,74.68388888888889,0.08674533466659606,10.476,0.7528222222222223,0.69813,0.05469222222222225
flight_026,45.0,-30.0,10.0,10.438210000000002,20.36357,74.1566,0.07866899007868348,10.476,0.7474999999999999,0.69251,0.05498999999999998
flight_026,46.0,-30.0,10.0,10.43355,20.33606,73.5946,0.07175862317519756,10.476,0.74185,0.68694,0.054910000000000014
flight_026,47.0,-30.0,10.0,10.447379999999999,19.90545,73.0408,0.06539296598258867,10.476,0.73625,0.6816222222222222,0.05462777777777772
flight_026,48.0,-30.0,10.0,10.44585,19.84549,72.49300000000001,0.05966992542311411,10.476,0.73073,0.6763,0.05442999999999998
flight_026,49.0,-30.0,10.0,10.425360000000001,19.80345,71.9496,0.05436221113972462,10.476,0.7252500000000001,0.67072,0.05453000000000008
flight_027,0.0,-30.0,10.0,10.76915,22.85172,99.6462,1.011084892578264,9.8993,1.00444,0.94388,0.06055999999999995
flight_027,1.0,-30.0,10.0,10.74086,23.03281,99.0223,2.4342199941665092,10.0946,0.9981500000000001,0.93793,0.06022000000000005
flight_027,2.0,-30.0,10.0,10.719579999999999,23.11831,98.383,2.8325190731926235,10.0968,0.99171,0.9320777777777778,0.0596322222222222
flight_027,3.0,-30.0,10.0,10.70144,23.227899999999998,97.7456,2.9272064788805046,10.090300000000001,0.98528,0.9267099999999999,0.05857000000000012
flight_027,4.0,-30.0,10.0,10.81883,21.379579999999997,97.1194,2.065228447412053,10.507,0.97897,0.9207000000000001,0.05826999999999993
flight_027,5.0,-30.0,10.0,10.801277777777777,21.673066666666667,96.57555555555555,2.363304534119049,10.635555555555555,0.9734777777777778,0.91465,0.05882777777777781
flight_027,6.0,-30.0,10.0,10.77616,21.75273,95.9999,2.7855501251996886,10.5153,0.9677,0.90848,0.05922000000000005
flight_027,7.0,-30.0,10.0,10.77855,21.69273,95.4066,2.854432927921061,10.496500000000001,0.9617000000000001,0.90277,0.05893000000000015
flight_027,8.0,-30.0,10.0,10.78655,21.24492,94.798,2.0065026513812536,10.8177,0.95558,0.8973444444444445,0.058235555555555485
flight_027,9.0,-30.0,10.0,10.7839,21.080109999999998,94.2333,2.263726529420018,10.924000000000001,0.94988,0.89184,0.05803999999999998
flight_027,10.0,-30.0,10.0,10.74109,21.48314,93.6417,2.7648937646860867,10.6254,0.94388,0.88613,0.05775000000000008
flight_027,11.0,-30.0,10.0,10.7115,21.7846,93.0482,2.846355445126276,10.5152,0.93793,0.88046,0.05747000000000002
flight_027,12.0,-30.0,10.0,10.7559,21.236433333333334,92.46666666666665,2.066531506930345,10.777666666666667,0.9320777777777778,0.87477,0.057307777777777735
flight_027,13.0,-30.0,10.0,10.73961,20.936680000000003,91.9366,2.15534713909384,10.9587,0.9267099999999999,0.86912,0.05758999999999992
flight_027,14.0,-30.0,10.0,10.646600000000001,22.154829999999997,91.33930000000001,2.736840340611779,10.639,0.9207000000000001,0.8637444444444444,0.05695555555555565
flight_027,15.0,-30.0,10.0,10.68745,21.39075,90.7384,2.845345850683182,10.528699999999999,0.91465,0.8584099999999999,0.05624000000000007
flight_027,16.0,-30.0,10.0,10.62954,22.05246,90.1281,2.3653095019468378,10.5272,0.90848,0.8527799999999999,0.05570000000000008
flight_027,17.0,-30.0,10.0,10.76128,20.1579,89.5613,0.4333954314480022,10.6135,0.90277,0.84718,0.05558999999999992
flight_027,18.0,-30.0,10.0,10.684744444444444,21.081622222222222,89.021,0.9630693025330428,10.509666666666668,0.8973444444444445,0.8414699999999999,0.05587444444444456
flight_027,19.0,-30.0,10.0,10.742830000000001,20.408279999999998,88.477,0.8967205417519999,10.5178,0.89184,0.8358700000000001,0.05596999999999985
flight_027,20.0,-30.0,10.0,10.67389,20.65506,87.9094,0.7226213392918867,10.5216,0.88613,0.83023,0.05589999999999995
flight_027,21.0,-30.0,10.0,10.71361,20.409110000000002,87.3467,0.7038630264476179,10.5171,0.88046,0.8249444444444445,0.05551555555555554
flight_027,22.0,-30.0,10.0,10.702670000000001,20.31779,86.7832,0.643969385918306,10.518,0.87477,0.81959,0.05518000000000001
flight_027,23.0,-30.0,10.0,10.66177,20.51328,86.22319999999999,0.5891140891202654,10.5175,0.86912,0.81396,0.05515999999999999
flight_027,24.0,-30.0,10.0,10.686666666666667,20.207411111111114,85.68877777777777,0.5500438815266817,10.517,0.8637444444444444,0.80834,0.05540444444444448
flight_027,25.0,-30.0,10.0,10.70401,20.162889999999997,85.1591,0.5030212917958841,10.517,0.8584099999999999,0.80268,0.055729999999999946
flight_028,0.0,-35.0,0.0,10.96603,19.19391,99.6771,1.011527903717935,9.9406,0.93298,0.8846,0.04837999999999998
flight_028,1.0,-35.0,0.0,11.01377,18.604840000000003,99.1312,2.4306205668511898,10.1354,0.92788,0.87973,0.048150000000000026
flight_028,2.0,-35.0,0.0,10.98391,18.54681,98.5779,2.829618583837758,10.1376,0.9226800000000001,0.8749222222222222,0.0477577777777779
flight_028,3.0,-35.0,0.0,10.966249999999999,18.809530000000002,98.0205,2.9239067803197836,10.1311,0.91747,0.8706799999999999,0.04679000000000011
flight_028,4.0,-35.0,0.0,11.10928,17.05496,97.47670000000001,2.0631037516324766,10.5425,0.91239,0.86593,0.04646000000000006
flight_028,5.0,-35.0,0.0,11.09741,17.093899999999998,96.9876,2.391531609659383,10.645900000000001,0.90779,0.8611000000000001,0.0466899999999999
flight_028,6.0,-35.0,0.0,11.053066666666666,17.2518,96.50133333333332,2.7980402753920557,10.522222222222222,0.9032555555555556,0.85625,0.047005555555555634
flight_028,7.0,-35.0,0.0,11.11664,16.46465,96.03240000000001,2.8543349453068747,10.497,0.89885,0.8515,0.04735
flight_028,8.0,-35.0,0.0,11.033339999999999,17.33436,95.5107,2.0048397467129386,10.809999999999999,0.89397,0.84672,0.047250000000000014
flight_028,9.0,-35.0,0.0,11.05845,16.85574,95.0174,2.2595969242322846,10.9201,0.8893699999999999,0.8421222222222222,0.047247777777777666
flight_028,10.0,-35.0,0.0,11.01894,17.3108,94.5087,2.7645589901465293,10.6229,0.8846,0.8375299999999999,0.04707000000000017
flight_028,11.0,-35.0,0.0,10.933069999999999,18.096629999999998,93.989,2.8474328420526445,10.508199999999999,0.87973,0.83274,0.046989999999999976
flight_028,12.0,-35.0,0.0,11.001344444444445,17.144833333333334,93.47533333333334,2.0757161548621132,10.75888888888889,0.8749222222222222,0.82789,0.04703222222222214
flight_028,13.0,-35.0,0.0,11.06672,16.46794,93.0206,2.157056167557999,10.945400000000001,0.8706799999999999,0.8230999999999999,0.047579999999999956
flight_028,14.0,-35.0,0.0,10.97746,17.33532,92.5141,2.7373554117067074,10.6327,0.86593,0.81835,0.047579999999999956
flight_028,15.0,-35.0,0.0,10.95909,17.32279,91.9981,2.8460109943568384,10.5269,0.8611000000000001,0.81358,0.04752000000000012
flight_028,16.0,-35.0,0.0,10.916830000000001,17.63297,91.47970000000001,2.3647945069286673,10.5266,0.85625,0.8090555555555556,0.04719444444444432
flight_028,17.0,-35.0,0.0,10.995659999999999,16.6864,90.9727,0.4583281466373192,10.5884,0.8515,0.8044800000000001,0.04701999999999995
flight_028,18.0,-35.0,0.0,10.90907,17.534860000000002,90.4626,0.966664455744598,10.4804,0.84672,0.79977,0.04695000000000005
flight_028,19.0,-35.0,0.0,10.900155555555555,17.481488888888887,89.96855555555555,0.9024978779770546,10.491777777777777,0.8421222222222222,0.79501,0.04711222222222222
flight_028,20.0,-35.0,0.0,10.91139,17.2035,89.4792,0.7346722330400135,10.4968,0.8375299999999999,0.79025,0.04727999999999988
flight_028,21.0,-35.0,0.0,10.883289999999999,17.37623,88.9669,0.7155621426542911,10.493,0.83274,0.7854300000000001,0.04730999999999996
flight_028,22.0,-35.0,0.0,10.893640000000001,17.35174,88.4516,0.6573365272065748,10.494,0.82789,0.78059,0.04730000000000001
flight_028,23.0,-35.0,0.0,10.87995,17.13859,87.93780000000001,0.6029087990732926,10.4939,0.8230999999999999,0.7760111111111111,0.04708888888888885
flight_028,24.0,-35.0,0.0,10.89326,17.11037,87.4317,0.5569733386796893,10.493,0.81835,0.7714700000000001,0.04687999999999992
flight_028,25.0,-35.0,0.0,10.86486,17.1263,86.9217,0.5123584780210043,10.493,0.81358,0.76669,0.04688999999999999
flight_028,26.0,-35.0,0.0,10.846055555555557,17.256411111111113,86.43755555555555,0.47725524397457864,10.493,0.8090555555555556,0.76187,0.04718555555555559
flight_028,27.0,-35.0,0.0,10.83995,17.23382,85.9495,0.43683298868102904,10.493,0.8044800000000001,0.75705,0.04743000000000008
flight_028,28.0,-35.0,0.0,10.84835,16.99859,85.44489999999999,0.4015104606358345,10.492,0.79977,0.7522599999999999,0.04751000000000005
flight_028,29.0,-35.0,0.0,10.8509,17.133029999999998,84.936,0.36888754383958267,10.492,0.79501,0.74746,0.04754999999999998
flight_028,30.0,-35.0,0.0,10.79438,17.33035,84.4281,0.33843463179763383,10.492,0.79025,0.7428666666666666,0.047383333333333444
flight_028,31.0,-35.0,0.0,10.79349,17.34619,83.9135,0.31109432653135927,10.492,0.7854300000000001,0.7383,0.047130000000000116
flight_028,32.0,-35.0,0.0,10.76442,17.48752,83.3942,0.28525464062833406,10.492,0.78059,0.73352,0.047070000000000056
flight_028,33.0,-35.0,0.0,10.789311111111111,17.13468888888889,82.90766666666667,0.26508591665698983,10.492,0.7760111111111111,0.72868,0.0473311111111111
flight_028,34.0,-35.0,0.0,10.731539999999999,17.29786,82.42269999999999,0.24227110847148076,10.492,0.7714700000000001,0.72386,0.04761000000000015
flight_028,35.0,-35.0,0.0,10.76446,17.12859,81.9127,0.22242097473035227,10.492,0.76669,0.71908,0.04760999999999993
flight_028,36.0,-35.0,0.0,10.74034,17.444679999999998,81.3957,0.2039552156724608,10.492,0.76187,0.71424,0.04763000000000006
flight_028,37.0,-35.0,0.0,10.725010000000001,17.31322,80.8813,0.18691944789133097,10.492,0.75705,0.7096333333333333,0.04741666666666666
flight_028,38.0,-35.0,0.0,10.73023,17.18725,80.3708,0.17160399179506286,10.492,0.7522599999999999,0.70507,0.047189999999999954
flight_028,39.0,-35.0,0.0,10.686150000000001,17.38378,79.8579,0.15725196342176462,10.492,0.74746,0.70024,0.04722000000000004
flight_028,40.0,-35.0,0.0,10.675955555555555,17.483933333333333,79.3651111111111,0.14618865707294162,10.491555555555557,0.7428666666666666,0.69551,0.0473566666666666
flight_028,41.0,-35.0,0.0,10.70572,17.10227,78.8775,0.1335653398153877,10.491,0.7383,0.6907300000000001,0.04756999999999989
flight_028,42.0,-35.0,0.0,10.65844,17.37798,78.3661,0.12230494675196095,10.491,0.73352,0.68595,0.04757
flight_028,43.0,-35.0,0.0,10.64922,17.33418,77.85040000000001,0.11217062895428552,10.491,0.72868,0.6814333333333333,0.04724666666666666
flight_028,44.0,-35.0,0.0,10.63429,17.32214,77.33529999999999,0.10305386940818863,10.491,0.72386,0.67694,0.04691999999999996
flight_028,45.0,-35.0,0.0,10.64038,17.29011,76.8238,0.09436270449706281,10.491,0.71908,0.67215,0.04693000000000003
flight_028,46.0,-35.0,0.0,10.62842,17.47859,76.30879999999999,0.08666862177281927,10.491,0.71424,0.6673,0.04693999999999998
flight_028,47.0,-35.0,0.0,10.617111111111111,17.322477777777777,75.816,0.08040737328760558,10.491,0.7096333333333333,0.6625300000000001,0.047103333333333275
flight_028,48.0,-35.0,0.0,10.58836,17.37867,75.3269,0.07348503248961656,10.491,0.70507,0.65782,0.047250000000000014
flight_028,49.0,-35.0,0.0,10.58989,17.27638,74.812,0.06750770326414608,10.491,0.70024,0.65312,0.04711999999999994
flight_029,0.0,-35.0,0.0,10.9506,19.45977,99.67179999999999,1.0096968307368306,9.9144,0.93293,0.8831900000000001,0.049739999999999895
flight_029,1.0,-35.0,0.0,11.01952,18.4467,99.12339999999999,2.429824695322689,10.1097,0.92781,0.87758,0.05023
flight_029,2.0,-35.0,0.0,11.003409999999999,18.50436,98.5729,2.830618577272466,10.112,0.92265,0.87238,0.050269999999999926
flight_029,3.0,-35.0,0.0,10.968399999999999,18.657909999999998,98.02090000000001,2.925906775685104,10.1055,0.91748,0.8678777777777777,0.049602222222222214
flight_029,4.0,-35.0,0.0,11.03275,17.92583,97.4684,2.0677223145287185,10.5221,0.9122999999999999,0.86311,0.049189999999999845
flight_029,5.0,-35.0,0.0,11.066120000000002,17.36645,96.96759999999999,2.3924199652234974,10.6309,0.90761,0.8588100000000001,0.048799999999999955
flight_029,6.0,-35.0,0.0,11.025044444444445,17.786555555555555,96.45955555555555,2.798462712911422,10.517666666666665,0.9028555555555555,0.85376,0.04909555555555556
flight_029,7.0,-35.0,0.0,10.946250000000001,18.54075,95.9461,2.854321201266599,10.4982,0.89804,0.8487899999999999,0.049250000000000016
flight_029,8.0,-35.0,0.0,10.97097,17.84964,95.4014,2.006307852748426,10.8181,0.89294,0.84405,0.04888999999999999
flight_029,9.0,-35.0,0.0,11.07236,16.69041,94.9034,2.2615097523557135,10.9261,0.8882999999999999,0.83924,0.04905999999999988
flight_029,10.0,-35.0,0.0,10.80227,19.773339999999997,94.35799999999999,2.763791236689197,10.6262,0.8831900000000001,0.8346111111111111,0.04857888888888906
flight_029,11.0,-35.0,0.0,10.79772,19.67757,93.7587,2.8463927539958362,10.5211,0.87758,0.8300599999999999,0.04752000000000012
flight_029,12.0,-35.0,0.0,10.93423,17.95489,93.2026,1.9797559925404948,10.796299999999999,0.87238,0.8253199999999999,0.0470600000000001
flight_029,13.0,-35.0,0.0,11.021955555555556,16.885566666666666,92.72188888888888,2.217653662191664,10.927555555555555,0.8678777777777777,0.8205199999999999,0.04735777777777783
flight_029,14.0,-35.0,0.0,10.902330000000001,18.04814,92.2116,2.7377669787620715,10.636700000000001,0.86311,0.81578,0.047330000000000094
flight_029,15.0,-35.0,0.0,11.10262,15.686490000000001,91.7526,2.8458917653347253,10.5295,0.8588100000000001,0.81107,0.047740000000000116
flight_029,16.0,-35.0,0.0,10.80673,18.83888,91.2141,2.369483542884398,10.5276,0.85376,0.80632,0.04743999999999993
flight_029,17.0,-35.0,0.0,10.96671,16.90176,90.683,0.4609515158886019,10.5912,0.8487899999999999,0.8017777777777778,0.04701222222222212
flight_029,18.0,-35.0,0.0,10.935680000000001,17.2816,90.1759,1.0023253264285006,10.479600000000001,0.84405,0.79726,0.04679
flight_029,19.0,-35.0,0.0,10.91082,17.33204,89.6619,0.9107511405427939,10.4932,0.83924,0.79252,0.046719999999999984
flight_029,20.0,-35.0,0.0,10.874844444444443,17.537344444444443,89.16833333333334,0.765074635268262,10.497,0.8346111111111111,0.78776,0.046851111111111066
flight_029,21.0,-35.0,0.0,10.882810000000001,17.34416,88.681,0.740913146056945,10.4932,0.8300599999999999,0.7829900000000001,0.047069999999999834
flight_029,22.0,-35.0,0.0,10.915659999999999,16.86061,88.1737,0.6811242030643163,10.494,0.8253199999999999,0.77827,0.047049999999999925
flight_029,23.0,-35.0,0.0,10.86903,17.325989999999997,87.663,0.6249571025278455,10.494,0.8205199999999999,0.77337,0.047149999999999914
flight_029,24.0,-35.0,0.0,10.88596,16.83661,87.1554,0.5775779774194996,10.4934,0.81578,0.7688333333333334,0.04694666666666658
flight_029,25.0,-35.0,0.0,10.87863,17.10661,86.6528,0.5314840072852616,10.493,0.81107,0.76432,0.04674999999999996
flight_029,26.0,-35.0,0.0,10.85688,17.15735,86.1443,0.488994764798152,10.493,0.80632,0.75949,0.04683000000000004
flight_029,27.0,-35.0,0.0,10.8316,17.289811111111113,85.65977777777778,0.4552721340576235,10.493,0.8017777777777778,0.7547200000000001,0.047057777777777754
flight_029,28.0,-35.0,0.0,10.84004,17.03483,85.1781,0.41679654509124714,10.492500000000001,0.79726,0.74993,0.04732999999999998
flight_029,29.0,-35.0,0.0,10.837959999999999,17.12032,84.6704,0.3830953536653766,10.492,0.79252,0.74518,0.04734000000000005
flight_029,30.0,-35.0,0.0,10.82592,17.00489,84.1623,0.35178234748207593,10.492,0.78776,0.7406555555555555,0.047104444444444504
flight_029,31.0,-35.0,0.0,10.83164,17.02687,83.654,0.323042690677254,10.492,0.7829900000000001,0.73605,0.04694000000000009
flight_029,32.0,-35.0,0.0,10.7425,17.42343,83.148,0.29672520957950305,10.492,0.77827,0.7313,0.04697000000000007
flight_029,33.0,-35.0,0.0,10.72735,17.50044,82.62519999999999,0.27207065258862445,10.492,0.77337,0.72649,0.04688000000000003
flight_029,34.0,-35.0,0.0,10.7821,16.981,82.14066666666666,0.2528809313335008,10.492,0.7688333333333334,0.72165,0.047183333333333355
flight_029,35.0,-35.0,0.0,10.74914,17.385070000000002,81.6576,0.2310946342951303,10.492,0.76432,0.71681,0.04751000000000005
flight_029,36.0,-35.0,0.0,10.71006,17.3841,81.1421,0.2120511730691439,10.492,0.75949,0.71202,0.04747000000000001
flight_029,37.0,-35.0,0.0,10.739889999999999,17.082720000000002,80.6323,0.19462111910067725,10.492,0.7547200000000001,0.7074666666666667,0.04725333333333337
flight_029,38.0,-35.0,0.0,10.72302,17.06424,80.1196,0.1784792705050085,10.492,0.74993,0.70292,0.047009999999999996
flight_029,39.0,-35.0,0.0,10.708969999999999,17.233600000000003,79.6129,0.16355381377393802,10.492,0.74518,0.69814,0.04703999999999997
flight_029,40.0,-35.0,0.0,10.689444444444444,17.41441111111111,79.12911111111111,0.15186434004656188,10.492,0.7406555555555555,0.69336,0.047295555555555535
flight_029,41.0,-35.0,0.0,10.69305,17.120849999999997,78.6393,0.13884815447099036,10.4911,0.73605,0.6886099999999999,0.04744000000000004
flight_029,42.0,-35.0,0.0,10.67877,17.20465,78.1304,0.12720051100526286,10.491,0.7313,0.68384,0.04745999999999995
flight_029,43.0,-35.0,0.0,10.659980000000001,17.36434,77.6159,0.11690273735032898,10.491,0.72649,0.6790499999999999,0.04744000000000004
flight_029,44.0,-35.0,0.0,10.63837,17.48955,77.09819999999999,0.10713379485484495,10.491,0.72165,0.6745222222222222,0.04712777777777777
flight_029,45.0,-35.0,0.0,10.63609,17.38099,76.5818,0.09801923280662832,10.491,0.71681,0.66993,0.04687999999999992
flight_029,46.0,-35.0,0.0,10.64776,17.202930000000002,76.0686,0.09011797822854217,10.491,0.71202,0.6651,0.04691999999999996
flight_029,47.0,-35.0,0.0,10.617244444444445,17.24802222222222,75.58555555555556,0.08368260140422128,10.491,0.7074666666666667,0.66031,0.047156666666666736
flight_029,48.0,-35.0,0.0,10.613769999999999,17.25263,75.0978,0.07637342469733828,10.491,0.70292,0.6555799999999999,0.04734000000000005
flight_029,49.0,-35.0,0.0,10.61282,17.22867,74.58619999999999,0.07006975096287985,10.491,0.69814,0.65089,0.047250000000000014
flight_030,0.0,-35.0,0.0,10.88984,19.9668,99.66569999999999,1.0130141015800325,9.9149,0.9328900000000001,0.8836999999999999,0.04919000000000018
flight_030,1.0,-35.0,0.0,10.99961,18.557650000000002,99.1046,2.430723256563774,10.1099,0.9276199999999999,0.8789999999999999,0.04862
flight_030,2.0,-35.0,0.0,10.99751,18.6597,98.5514,2.8305185779287863,10.1121,0.9224399999999999,0.87436,0.0480799999999999
flight_030,3.0,-35.0,0.0,10.9483,18.98555,97.9962,2.926006660963027,10.1055,0.9172499999999999,0.8699111111111111,0.04733888888888882
flight_030,4.0,-35.0,0.0,11.02807,17.7497,97.4365,2.067793942828927,10.5216,0.9120100000000001,0.86547,0.04654000000000014
flight_030,5.0,-35.0,0.0,11.05155,17.57411,96.9376,2.391029119437904,10.632,0.90733,0.86187,0.045459999999999945
flight_030,6.0,-35.0,0.0,11.057844444444445,17.22938888888889,96.43222222222222,2.797948368729143,10.51511111111111,0.9026111111111111,0.85802,0.04459111111111114
flight_030,7.0,-35.0,0.0,11.05329,17.22592,95.9505,2.855456058145529,10.4984,0.89809,0.8537800000000001,0.04430999999999996
flight_030,8.0,-35.0,0.0,11.00527,17.59216,95.422,2.0041133825210586,10.7867,0.89316,0.84907,0.04408999999999996
flight_030,9.0,-35.0,0.0,11.0755,16.78021,94.93039999999999,2.263777685639648,10.8963,0.8885500000000001,0.8445222222222222,0.04402777777777789
flight_030,10.0,-35.0,0.0,10.927,18.285400000000003,94.4122,2.766039938251073,10.6183,0.8836999999999999,0.84002,0.04367999999999994
flight_030,11.0,-35.0,0.0,11.22335,14.70487,93.9107,2.8468533734634103,10.5128,0.8789999999999999,0.8352600000000001,0.04373999999999978
flight_030,12.0,-35.0,0.0,10.92247,18.12117,93.4144,1.9811963607880971,10.803999999999998,0.87436,0.83048,0.04388000000000003
flight_030,13.0,-35.0,0.0,11.046755555555556,16.630122222222223,92.93944444444443,2.2109474339195754,10.942333333333334,0.8699111111111111,0.82575,0.044161111111111095
flight_030,14.0,-35.0,0.0,11.132200000000001,15.36209,92.465,2.736371835113057,10.6383,0.86547,0.82101,0.044459999999999944
flight_030,15.0,-35.0,0.0,11.33482,12.92016,92.07939999999999,2.8457510959323202,10.528,0.86187,0.81623,0.045640000000000014
flight_030,16.0,-35.0,0.0,11.23259,14.05883,91.6696,2.3741103281018763,10.5251,0.85802,0.8116,0.04642000000000002
flight_030,17.0,-35.0,0.0,11.04794,16.40538,91.2157,0.44648572205614817,10.61,0.8537800000000001,0.80709,0.04669000000000012
flight_030,18.0,-35.0,0.0,10.92338,17.441660000000002,90.7115,0.9649458482215466,10.505500000000001,0.84907,0.80231,0.046760000000000024
flight_030,19.0,-35.0,0.0,10.972177777777778,16.790300000000002,90.22677777777778,0.9026143236642938,10.514333333333333,0.8445222222222222,0.79756,0.04696222222222213
flight_030,20.0,-35.0,0.0,10.90885,17.4468,89.74589999999999,0.7384610822514616,10.5175,0.84002,0.79279,0.047229999999999994
flight_030,21.0,-35.0,0.0,10.93704,16.88139,89.2373,0.7199852845718445,10.5131,0.8352600000000001,0.78797,0.047290000000000165
flight_030,22.0,-35.0,0.0,10.88491,17.35183,88.7265,0.6638290291935115,10.5137,0.83048,0.7832100000000001,0.04726999999999992
flight_030,23.0,-35.0,0.0,10.89891,16.99328,88.2203,0.6105266087567356,10.513200000000001,0.82575,0.7786444444444444,0.04710555555555562
flight_030,24.0,-35.0,0.0,10.893229999999999,16.96438,87.7135,0.5657365199454601,10.513,0.82101,0.7741,0.04691000000000001
flight_030,25.0,-35.0,0.0,10.83011,17.56501,87.2034,0.5220449980605121,10.5128,0.81623,0.76932,0.04691000000000001
flight_030,26.0,-35.0,0.0,10.840755555555555,17.263255555555556,86.71033333333334,0.4876337676556297,10.512,0.8116,0.7646200000000001,0.04697999999999991
flight_030,27.0,-35.0,0.0,10.85306,17.00122,86.22760000000001,0.44764220087029327,10.512,0.80709,0.7599400000000001,0.047149999999999914
flight_030,28.0,-35.0,0.0,10.84106,17.31185,85.71770000000001,0.4127871243147005,10.512,0.80231,0.75523,0.04708000000000001
flight_030,29.0,-35.0,0.0,10.83906,17.05608,85.2094,0.3803649300343027,10.512,0.79756,0.7504299999999999,0.047130000000000116
flight_030,30.0,-35.0,0.0,10.81217,17.260820000000002,84.6993,0.3499825281353342,10.512,0.79279,0.7460333333333333,0.04675666666666667
flight_030,31.0,-35.0,0.0,10.81348,17.34315,84.1862,0.32224253288478233,10.512,0.78797,0.74149,0.046479999999999966
flight_030,32.0,-35.0,0.0,10.80974,17.04099,83.676,0.2967275686551555,10.511199999999999,0.7832100000000001,0.7366400000000001,0.04657
flight_030,33.0,-35.0,0.0,10.761433333333335,17.498544444444445,83.18833333333333,0.2763219628630591,10.511,0.7786444444444444,0.73188,0.046764444444444386
flight_030,34.0,-35.0,0.0,10.76854,17.07569,82.70270000000001,0.25339331088250927,10.511,0.7741,0.72713,0.046969999999999956
flight_030,35.0,-35.0,0.0,10.802330000000001,17.052410000000002,82.1925,0.23322446269634753,10.511,0.76932,0.72234,0.04698000000000002
flight_030,36.0,-35.0,0.0,10.76365,17.0744,81.6905,0.21417920067084015,10.511,0.7646200000000001,0.7176,0.04702000000000006
flight_030,37.0,-35.0,0.0,10.792440000000001,16.61466,81.19030000000001,0.19726563309405926,10.511,0.7599400000000001,0.7131222222222222,0.04681777777777785
flight_030,38.0,-35.0,0.0,10.70093,17.315859999999997,80.68719999999999,0.18162312628076854,10.511,0.75523,0.70865,0.046579999999999955
flight_030,39.0,-35.0,0.0,10.755889999999999,16.92652,80.1736,0.166834109222305,10.511,0.7504299999999999,0.70392,0.04650999999999994
flight_030,40.0,-35.0,0.0,10.747622222222223,16.838655555555555,79.70477777777779,0.1555655949141315,10.511,0.7460333333333333,0.69911,0.04692333333333332
flight_030,41.0,-35.0,0.0,10.68268,17.44975,79.2165,0.1423918888139349,10.511,0.74149,0.69436,0.047130000000000005
flight_030,42.0,-35.0,0.0,10.687520000000001,17.23964,78.7014,0.13078753763260473,10.511,0.7366400000000001,0.68959,0.047050000000000036
flight_030,43.0,-35.0,0.0,10.68646,17.076659999999997,78.1929,0.12043255373859678,10.511,0.73188,0.6850666666666667,0.04681333333333326
flight_030,44.0,-35.0,0.0,10.67332,17.267310000000002,77.6836,0.11075815997027037,10.511,0.72713,0.6806099999999999,0.04652000000000012
flight_030,45.0,-35.0,0.0,10.66773,17.21473,77.17229999999999,0.10196568050084305,10.511,0.72234,0.67583,0.04650999999999994
flight_030,46.0,-35.0,0.0,10.68985,16.85205,76.667,0.09383442864961666,10.511,0.7176,0.67104,0.046560000000000046
flight_030,47.0,-35.0,0.0,10.64578888888889,17.047344444444445,76.18844444444444,0.08711564614045594,10.511,0.7131222222222222,0.66627,0.046852222222222184
flight_030,48.0,-35.0,0.0,10.67022,16.96541,75.7101,0.07996811864737097,10.511,0.70865,0.66149,0.04715999999999998
flight_030,49.0,-35.0,0.0,10.62495,17.119059999999998,75.2039,0.07355868405565721,10.511,0.70392,0.65675,0.047170000000000045
flight_031,0.0,-35.0,5.0,10.649469999999999,22.89078,99.62870000000001,1.0151612433500403,9.934999999999999,0.93252,0.8724500000000001,0.06006999999999996
flight_031,1.0,-35.0,5.0,10.63172,22.79631,98.9502,2.432815023794452,10.1292,0.9261800000000001,0.86647,0.05971000000000015
flight_031,2.0,-35.0,5.0,10.58832,23.252609999999997,98.2653,2.8301180858755703,10.1314,0.91977,0.8603999999999999,0.059370000000000034
flight_031,3.0,-35.0,5.0,10.57581,23.18523,97.5741,2.9247066639237516,10.1248,0.9132899999999999,0.8553000000000001,0.057989999999999875
flight_031,4.0,-35.0,5.0,10.71805,21.34366,96.90729999999999,2.064579368781932,10.5368,0.9070499999999999,0.85015,0.05689999999999995
flight_031,5.0,-35.0,5.0,10.73694,20.84052,96.2978,2.3901895364175623,10.6425,0.9013500000000001,0.8446199999999999,0.05673000000000017
flight_031,6.0,-35.0,5.0,10.681377777777778,21.479566666666667,95.695,2.79715286243038,10.520222222222223,0.8956999999999999,0.83886,0.05683999999999989
flight_031,7.0,-35.0,5.0,10.6467,21.71252,95.088,2.8546889077445905,10.4992,0.89,0.8334300000000001,0.0565699999999999
flight_031,8.0,-35.0,5.0,10.70899,21.01058,94.4463,2.0103817025629733,10.816799999999999,0.8840299999999999,0.8282299999999999,0.05579999999999996
flight_031,9.0,-35.0,5.0,10.7179,20.56297,93.8403,2.2654099364132754,10.9224,0.87834,0.82298,0.055359999999999965
flight_031,10.0,-35.0,5.0,10.630230000000001,21.512790000000003,93.2091,2.764946663138369,10.624600000000001,0.8724500000000001,0.8179777777777777,0.054472222222222366
flight_031,11.0,-35.0,5.0,10.59065,21.80523,92.57039999999999,2.8467636607207143,10.5143,0.86647,0.8130000000000001,0.053469999999999906
flight_031,12.0,-35.0,5.0,10.68365,20.7297,91.923,1.9800788014622046,10.8087,0.8603999999999999,0.8077,0.05269999999999997
flight_031,13.0,-35.0,5.0,10.763933333333334,19.381622222222223,91.37766666666667,2.2135795155369817,10.944222222222223,0.8553000000000001,0.8025,0.05280000000000007
flight_031,14.0,-35.0,5.0,10.76533,19.42697,90.8288,2.7366142384340546,10.6393,0.85015,0.79729,0.05285999999999991
flight_031,15.0,-35.0,5.0,10.62604,20.889429999999997,90.2369,2.8467218269441084,10.5213,0.8446199999999999,0.79206,0.05255999999999994
flight_031,16.0,-35.0,5.0,10.64301,20.58749,89.6224,2.3698544195793967,10.5048,0.83886,0.78685,0.05201
flight_031,17.0,-35.0,5.0,10.82215,18.22352,89.0436,0.4247626513713276,10.5947,0.8334300000000001,0.7819111111111111,0.051518888888889
flight_031,18.0,-35.0,5.0,10.752709999999999,18.92903,88.48519999999999,0.9385381878218914,10.5004,0.8282299999999999,0.77695,0.05127999999999988
flight_031,19.0,-35.0,5.0,10.71917,19.08898,87.9233,0.8633168885177679,10.5064,0.82298,0.77169,0.05129000000000006
flight_031,20.0,-35.0,5.0,10.74941111111111,18.634522222222223,87.39288888888888,0.7285049293579045,10.50711111111111,0.8179777777777777,0.76647,0.05150777777777771
flight_031,21.0,-35.0,5.0,10.69441,18.98999,86.8587,0.7070511226212712,10.502300000000002,0.8130000000000001,0.76123,0.051770000000000094
flight_031,22.0,-35.0,5.0,10.682500000000001,19.08202,86.2938,0.6547141208191558,10.503,0.8077,0.75606,0.05164000000000002
flight_031,23.0,-35.0,5.0,10.721070000000001,18.61174,85.7363,0.6040108028835246,10.502300000000002,0.8025,0.75085,0.051649999999999974
flight_031,24.0,-35.0,5.0,10.69252,18.776609999999998,85.1807,0.5616581255532586,10.502,0.79729,0.7459333333333333,0.05135666666666672
flight_031,25.0,-35.0,5.0,10.68948,18.775820000000003,84.6216,0.5197270437450796,10.502,0.79206,0.741,0.051059999999999994
flight_031,26.0,-35.0,5.0,10.676919999999999,18.87472,84.0649,0.4809202012808362,10.5013,0.78685,0.7357899999999999,0.051060000000000105
flight_031,27.0,-35.0,5.0,10.669433333333334,18.66561111111111,83.53722222222223,0.4504247104157213,10.501,0.7819111111111111,0.7305699999999999,0.05134111111111117
flight_031,28.0,-35.0,5.0,10.636320000000001,18.76677,83.0073,0.4148195752372349,10.501,0.77695,0.72541,0.05154000000000003
flight_031,29.0,-35.0,5.0,10.618739999999999,18.99301,82.44539999999999,0.3837092649389639,10.501,0.77169,0.72023,0.05145999999999995
flight_031,30.0,-35.0,5.0,10.628350000000001,18.8091,81.8875,0.35438912229356023,10.501,0.76647,0.71505,0.05142000000000002
flight_031,31.0,-35.0,5.0,10.62261,18.65093,81.3291,0.3275187017560982,10.501,0.76123,0.7100777777777778,0.051152222222222155
flight_031,32.0,-35.0,5.0,10.60111,18.736269999999998,80.7758,0.30258730971407244,10.501,0.75606,0.70512,0.050939999999999985
flight_031,33.0,-35.0,5.0,10.57751,18.754269999999998,80.21860000000001,0.2792926243208008,10.501,0.75085,0.6998800000000001,0.05096999999999996
flight_031,34.0,-35.0,5.0,10.580533333333333,18.739388888888886,79.69411111111111,0.261068105205434,10.500333333333334,0.7459333333333333,0.69467,0.05126333333333333
flight_031,35.0,-35.0,5.0,10.58466,18.64547,79.1665,0.24015365914347425,10.5,0.741,0.6894600000000001,0.05153999999999992
flight_031,36.0,-35.0,5.0,10.56391,18.80115,78.6106,0.22161245452365713,10.5,0.7357899999999999,0.68433,0.05145999999999995
flight_031,37.0,-35.0,5.0,10.5315,18.77665,78.05170000000001,0.20462282375140853,10.5,0.7305699999999999,0.67915,0.05141999999999991
flight_031,38.0,-35.0,5.0,10.565900000000001,18.45557,77.5005,0.18871992475623767,10.5,0.72541,0.674188888888889,0.05122111111111105
flight_031,39.0,-35.0,5.0,10.53317,18.63289,76.94800000000001,0.1741879444737781,10.5,0.72023,0.6692899999999999,0.050940000000000096
flight_031,40.0,-35.0,5.0,10.516639999999999,18.67057,76.3945,0.1608217025155498,10.5,0.71505,0.6641600000000001,0.05088999999999988
flight_031,41.0,-35.0,5.0,10.478588888888888,19.039,75.86322222222222,0.15015304949152697,10.5,0.7100777777777778,0.659,0.05107777777777778
flight_031,42.0,-35.0,5.0,10.5136,18.6623,75.3333,0.13811954966622214,10.5,0.70512,0.65388,0.05123999999999995
flight_031,43.0,-35.0,5.0,10.46118,19.01858,74.7735,0.12741970020369692,10.5,0.6998800000000001,0.6486799999999999,0.051200000000000134
flight_031,44.0,-35.0,5.0,10.48113,18.57769,74.216,0.11738675393757168,10.5,0.69467,0.64352,0.05115000000000003
flight_031,45.0,-35.0,5.0,10.44502,18.73099,73.6608,0.10850778773894526,10.5,0.6894600000000001,0.6385666666666666,0.05089333333333346
flight_031,46.0,-35.0,5.0,10.484440000000001,18.29337,73.1137,0.10015393152542738,10.5,0.68433,0.63359,0.05074000000000001
flight_031,47.0,-35.0,5.0,10.41928,18.89753,72.5586,0.09233157639724343,10.5,0.67915,0.62846,0.05069000000000001
flight_031,48.0,-35.0,5.0,10.435044444444445,18.738522222222223,72.03,0.08653586996225009,10.5,0.674188888888889,0.6232800000000001,0.05090888888888889
flight_031,49.0,-35.0,5.0,10.425360000000001,18.493109999999998,71.5043,0.07943311651949708,10.5,0.6692899999999999,0.6181599999999999,0.05113000000000001
flight_032,0.0,-35.0,5.0,10.75614,21.473869999999998,99.6427,1.0085865951915085,9.9231,0.93265,0.8764200000000001,0.05622999999999989
flight_032,1.0,-35.0,5.0,10.77825,21.00242,99.0232,2.4305234230510924,10.1184,0.9268599999999999,0.87185,0.05500999999999989
flight_032,2.0,-35.0,5.0,10.73065,21.5123,98.3904,2.8302178432057135,10.1207,0.9209099999999999,0.86653,0.05437999999999987
flight_032,3.0,-35.0,5.0,10.72195,21.42337,97.7518,2.9254066623291886,10.1141,0.91497,0.8615777777777778,0.053392222222222174
flight_032,4.0,-35.0,5.0,10.82804,20.13168,97.1225,2.0659522864771103,10.5267,0.90907,0.85656,0.05251000000000006
flight_032,5.0,-35.0,5.0,10.89221,19.28255,96.55760000000001,2.392755106566487,10.633799999999999,0.90377,0.8514099999999999,0.05236000000000007
flight_032,6.0,-35.0,5.0,10.818266666666666,20.00648888888889,95.99844444444444,2.7984383321355204,10.52,0.8985444444444445,0.8463200000000001,0.05222444444444441
flight_032,7.0,-35.0,5.0,10.69739,21.23216,95.4043,2.8547464160587013,10.4953,0.89299,0.84141,0.05157999999999996
flight_032,8.0,-35.0,5.0,10.7477,20.47414,94.7871,2.009656361172228,10.8087,0.88719,0.8361700000000001,0.051019999999999954
flight_032,9.0,-35.0,5.0,10.82951,19.36575,94.2136,2.262151570960708,10.9184,0.8818400000000001,0.8309300000000001,0.05091000000000001
flight_032,10.0,-35.0,5.0,10.93475,17.81691,93.6331,2.764254376861869,10.6223,0.8764200000000001,0.8260000000000001,0.05042000000000002
flight_032,11.0,-35.0,5.0,10.9497,17.66364,93.1464,2.846977381364313,10.5128,0.87185,0.82108,0.05076999999999998
flight_032,12.0,-35.0,5.0,10.82311,19.21172,92.5754,1.9867447395173845,10.8034,0.86653,0.81591,0.05062
flight_032,13.0,-35.0,5.0,10.846744444444445,18.699166666666667,92.05055555555556,2.2148626298567144,10.940444444444445,0.8615777777777778,0.81066,0.05091777777777773
flight_032,14.0,-35.0,5.0,10.79605,19.17801,91.5119,2.737152841914386,10.637,0.85656,0.80541,0.05115000000000003
flight_032,15.0,-35.0,5.0,10.85299,18.19387,90.9607,2.846566890132743,10.5276,0.8514099999999999,0.8001900000000001,0.05121999999999982
flight_032,16.0,-35.0,5.0,10.8958,17.70022,90.4187,2.3628608486324367,10.5113,0.8463200000000001,0.79504,0.0512800000000001
flight_032,17.0,-35.0,5.0,10.80197,18.51033,89.8933,0.45269569249110386,10.5753,0.84141,0.7901555555555555,0.05125444444444449
flight_032,18.0,-35.0,5.0,10.777519999999999,18.918219999999998,89.3348,0.9439344150946081,10.4738,0.8361700000000001,0.78522,0.05095000000000005
flight_032,19.0,-35.0,5.0,10.7877,18.65186,88.77430000000001,0.8788750707580686,10.4831,0.8309300000000001,0.78015,0.05078000000000005
flight_032,20.0,-35.0,5.0,10.738388888888888,18.794244444444445,88.24888888888889,0.7426705232960573,10.486333333333333,0.8260000000000001,0.7749699999999999,0.05103000000000013
flight_032,21.0,-35.0,5.0,10.76294,18.54312,87.7221,0.7209742852557226,10.4826,0.82108,0.76981,0.05127000000000004
flight_032,22.0,-35.0,5.0,10.723180000000001,18.729480000000002,87.1699,0.6696733756093338,10.483,0.81591,0.7646200000000001,0.05128999999999995
flight_032,23.0,-35.0,5.0,10.71465,18.89275,86.6095,0.6193211525533421,10.483,0.81066,0.7594000000000001,0.05125999999999997
flight_032,24.0,-35.0,5.0,10.69923,19.040200000000002,86.047,0.5765149174132443,10.483,0.80541,0.7545444444444445,0.0508655555555555
flight_032,25.0,-35.0,5.0,10.699580000000001,18.61877,85.4896,0.5350191211536275,10.4826,0.8001900000000001,0.74961,0.05058000000000007
flight_032,26.0,-35.0,5.0,10.70542,18.433609999999998,84.9407,0.4961271308848167,10.482,0.79504,0.74444,0.05059999999999998
flight_032,27.0,-35.0,5.0,10.667444444444445,18.669955555555553,84.41688888888888,0.46542252143271934,10.482,0.7901555555555555,0.73923,0.050925555555555446
flight_032,28.0,-35.0,5.0,10.697320000000001,18.46422,83.89099999999999,0.42936726703371325,10.482,0.78522,0.73407,0.05115000000000003
flight_032,29.0,-35.0,5.0,10.70317,18.26904,83.349,0.39791669982547856,10.482,0.78015,0.72893,0.05122000000000004
flight_032,30.0,-35.0,5.0,10.63087,18.906399999999998,82.7962,0.3681811646458847,10.482,0.7749699999999999,0.72373,0.05123999999999995
flight_032,31.0,-35.0,5.0,10.66244,18.3842,82.2449,0.34077607016925354,10.482,0.76981,0.7188555555555556,0.05095444444444441
flight_032,32.0,-35.0,5.0,10.59702,18.97956,81.6908,0.3154515018192178,10.481399999999999,0.7646200000000001,0.7139599999999999,0.05066000000000015
flight_032,33.0,-35.0,5.0,10.62354,18.463919999999998,81.1319,0.2917788888867733,10.481,0.7594000000000001,0.70877,0.050630000000000064
flight_032,34.0,-35.0,5.0,10.6123,18.63307777777778,80.61233333333332,0.27328536164399453,10.481,0.7545444444444445,0.70366,0.05088444444444451
flight_032,35.0,-35.0,5.0,10.59615,18.62792,80.0868,0.2517068930323522,10.481,0.74961,0.69844,0.05117000000000005
flight_032,36.0,-35.0,5.0,10.58906,18.626420000000003,79.535,0.23256691510186914,10.481,0.74444,0.69323,0.05120999999999998
flight_032,37.0,-35.0,5.0,10.564240000000002,18.76436,78.977,0.21504873866172758,10.481,0.73923,0.6883666666666666,0.05086333333333348
flight_032,38.0,-35.0,5.0,10.55248,18.48293,78.4239,0.19867493551024495,10.481,0.73407,0.68346,0.050610000000000044
flight_032,39.0,-35.0,5.0,10.55675,18.63521,77.8773,0.18376041467084253,10.481,0.72893,0.6783,0.05062999999999995
flight_032,40.0,-35.0,5.0,10.53967,18.740389999999998,77.3219,0.17004084803364158,10.481,0.72373,0.67315,0.05057999999999996
flight_032,41.0,-35.0,5.0,10.562655555555557,18.192355555555555,76.80044444444444,0.159162778699848,10.481,0.7188555555555556,0.66798,0.05087555555555556
flight_032,42.0,-35.0,5.0,10.50376,18.721719999999998,76.2781,0.1463553552146282,10.481,0.7139599999999999,0.66284,0.05111999999999994
flight_032,43.0,-35.0,5.0,10.51246,18.51504,75.72229999999999,0.1352920544599719,10.481,0.70877,0.65767,0.051100000000000034
flight_032,44.0,-35.0,5.0,10.54252,18.42118,75.17830000000001,0.1250857705736348,10.481,0.70366,0.6528222222222222,0.05083777777777776
flight_032,45.0,-35.0,5.0,10.45036,18.95433,74.62039999999999,0.11567406796685245,10.481,0.69844,0.6478200000000001,0.05061999999999989
flight_032,46.0,-35.0,5.0,10.474,18.74844,74.0641,0.10703989910309145,10.481,0.69323,0.6426499999999999,0.05058000000000007
flight_032,47.0,-35.0,5.0,10.504122222222223,18.20708888888889,73.54388888888889,0.09988301799580655,10.481,0.6883666666666666,0.63757,0.0507966666666666
flight_032,48.0,-35.0,5.0,10.435089999999999,18.70553,73.01910000000001,0.0921583962534071,10.481,0.68346,0.6324500000000001,0.05100999999999989
flight_032,49.0,-35.0,5.0,10.45967,18.38206,72.4691,0.08507555465584694,10.481,0.6783,0.62744,0.050860000000000016
flight_033,0.0,-35.0,5.0,10.668180000000001,22.4892,99.634,1.0117506609832285,9.904399999999999,0.9325699999999999,0.87461,0.0579599999999999
flight_033,1.0,-35.0,5.0,10.64525,22.61383,98.9641,2.4316233219806067,10.0993,0.92631,0.8689899999999999,0.05732000000000004
flight_033,2.0,-35.0,5.0,10.63098,22.67085,98.2964,2.8318175947613575,10.101600000000001,0.92005,0.8633200000000001,0.05672999999999995
flight_033,3.0,-35.0,5.0,10.613380000000001,22.95082,97.6114,2.927006658687336,10.095099999999999,0.91365,0.8585111111111111,0.05513888888888885
flight_033,4.0,-35.0,5.0,10.819320000000001,20.11729,96.9563,2.0702088928414932,10.5119,0.9075099999999999,0.85337,0.054139999999999966
flight_033,5.0,-35.0,5.0,10.77157,20.61998,96.37870000000001,2.391264512763069,10.6265,0.90212,0.84738,0.05474000000000001
flight_033,6.0,-35.0,5.0,10.705033333333335,21.268144444444445,95.77966666666667,2.7980063846237133,10.517111111111111,0.8965111111111111,0.8414699999999999,0.05504111111111121
flight_033,7.0,-35.0,5.0,10.65736,21.65535,95.1824,2.855062165697973,10.4933,0.8909,0.8361700000000001,0.054729999999999945
flight_033,8.0,-35.0,5.0,10.825669999999999,19.47808,94.5529,2.014181595586654,10.8065,0.885,0.83091,0.05408999999999997
flight_033,9.0,-35.0,5.0,10.89207,18.618479999999998,94.0072,2.259096832807306,10.9194,0.87991,0.82567,0.054239999999999955
flight_033,10.0,-35.0,5.0,10.83099,19.38825,93.44200000000001,2.763482755509793,10.622499999999999,0.87461,0.8206888888888889,0.053921111111111086
flight_033,11.0,-35.0,5.0,10.65723,21.109469999999998,92.84110000000001,2.846958533242099,10.5135,0.8689899999999999,0.8157500000000001,0.05323999999999984
flight_033,12.0,-35.0,5.0,10.830540000000001,18.92054,92.2334,1.9907248730048057,10.802299999999999,0.8633200000000001,0.8106,0.0527200000000001
flight_033,13.0,-35.0,5.0,10.821333333333333,18.8445,91.71933333333334,2.2167946245440526,10.939333333333334,0.8585111111111111,0.8053699999999999,0.053141111111111194
flight_033,14.0,-35.0,5.0,10.69345,19.95562,91.1704,2.7375284656054264,10.636199999999999,0.85337,0.80013,0.053239999999999954
flight_033,15.0,-35.0,5.0,10.455119999999999,22.79179,90.5331,2.8464310934923405,10.5232,0.84738,0.79499,0.05239000000000005
flight_033,16.0,-35.0,5.0,10.71087,19.883119999999998,89.9002,2.3554223082071717,10.5153,0.8414699999999999,0.7901222222222223,0.05134777777777766
flight_033,17.0,-35.0,5.0,10.79787,18.391759999999998,89.3337,0.45937241972064446,10.5711,0.8361700000000001,0.78522,0.05095000000000005
flight_033,18.0,-35.0,5.0,10.738470000000001,19.120060000000002,88.7727,0.9523680171026324,10.466899999999999,0.83091,0.78004,0.05087000000000008
flight_033,19.0,-35.0,5.0,10.76417,18.82919,88.2114,0.8885427733091975,10.4777,0.82567,0.7748,0.05086999999999997
flight_033,20.0,-35.0,5.0,10.754477777777778,18.72601111111111,87.67977777777777,0.7534978024331623,10.481666666666666,0.8206888888888889,0.7695700000000001,0.051118888888888825
flight_033,21.0,-35.0,5.0,10.73095,18.698259999999998,87.1528,0.7309629265564705,10.4783,0.8157500000000001,0.76435,0.05140000000000011
flight_033,22.0,-35.0,5.0,10.72858,18.78969,86.60170000000001,0.6801197982708634,10.479,0.8106,0.7591300000000001,0.051469999999999905
flight_033,23.0,-35.0,5.0,10.70193,18.864539999999998,86.04310000000001,0.629550355412496,10.479,0.8053699999999999,0.7542,0.05116999999999994
flight_033,24.0,-35.0,5.0,10.710939999999999,18.56427,85.48440000000001,0.586446732448907,10.479,0.80013,0.74927,0.050860000000000016
flight_033,25.0,-35.0,5.0,10.704820000000002,18.60795,84.9342,0.5449058817814321,10.4785,0.79499,0.7440599999999999,0.05093000000000003
flight_033,26.0,-35.0,5.0,10.73128888888889,18.227822222222223,84.41577777777778,0.5121981797201567,10.478,0.7901222222222223,0.73883,0.051292222222222295
flight_033,27.0,-35.0,5.0,10.68334,18.63987,83.89099999999999,0.47313174697963356,10.478,0.78522,0.73361,0.051610000000000045
flight_033,28.0,-35.0,5.0,10.640379999999999,18.99017,83.3369,0.43872242933317185,10.478,0.78004,0.72844,0.05159999999999998
flight_033,29.0,-35.0,5.0,10.654770000000001,18.68544,82.7773,0.4070271735400476,10.478,0.7748,0.7234888888888888,0.051311111111111196
flight_033,30.0,-35.0,5.0,10.63187,18.96779,82.2194,0.3770121748697248,10.478,0.7695700000000001,0.71851,0.051060000000000105
flight_033,31.0,-35.0,5.0,10.63816,18.538819999999998,81.6621,0.34940825691445815,10.478,0.76435,0.71336,0.05098999999999998
flight_033,32.0,-35.0,5.0,10.6007,18.74801,81.1042,0.32362813536526763,10.4772,0.7591300000000001,0.7082200000000001,0.05091000000000001
flight_033,33.0,-35.0,5.0,10.58628888888889,18.90951111111111,80.57655555555556,0.30340709318921805,10.477,0.7542,0.7031,0.051100000000000034
flight_033,34.0,-35.0,5.0,10.61157,18.4253,80.0491,0.27967012711406986,10.477,0.74927,0.69787,0.0514
flight_033,35.0,-35.0,5.0,10.55232,19.06449,79.49289999999999,0.25891884829034756,10.477,0.7440599999999999,0.69268,0.05137999999999998
flight_033,36.0,-35.0,5.0,10.56443,18.776670000000003,78.934,0.23964648964672947,10.477,0.73883,0.6878444444444445,0.050985555555555506
flight_033,37.0,-35.0,5.0,10.55902,18.777359999999998,78.3783,0.2217407720740595,10.477,0.73361,0.68296,0.05064999999999997
flight_033,38.0,-35.0,5.0,10.5746,18.371190000000002,77.8248,0.20535610533899398,10.477,0.72844,0.6778000000000001,0.05063999999999991
flight_033,39.0,-35.0,5.0,10.484422222222221,19.128633333333333,77.29511111111111,0.1923715861568278,10.477,0.7234888888888888,0.67256,0.0509288888888888
flight_033,40.0,-35.0,5.0,10.537609999999999,18.58656,76.7653,0.17740806069623782,10.477,0.71851,0.6674,0.05110999999999999
flight_033,41.0,-35.0,5.0,10.52518,18.5642,76.2136,0.1639329436080497,10.477,0.71336,0.66228,0.051080000000000014
flight_033,42.0,-35.0,5.0,10.53467,18.41221,75.6649,0.15161454415721468,10.477,0.7082200000000001,0.6570600000000001,0.05115999999999998
flight_033,43.0,-35.0,5.0,10.477889999999999,18.78796,75.11580000000001,0.14027915026831322,10.477,0.7031,0.6521777777777777,0.0509222222222222
flight_033,44.0,-35.0,5.0,10.50217,18.58943,74.55969999999999,0.12990138567390264,10.477,0.69787,0.64726,0.050610000000000044
flight_033,45.0,-35.0,5.0,10.49795,18.4755,74.0053,0.12014095887747858,10.477,0.69268,0.64215,0.050529999999999964
flight_033,46.0,-35.0,5.0,10.474644444444444,18.576566666666665,73.48622222222222,0.11268008905363806,10.477,0.6878444444444445,0.63702,0.05082444444444445
flight_033,47.0,-35.0,5.0,10.45089,18.50255,72.966,0.10361394693765892,10.477,0.68296,0.63188,0.051080000000000014
flight_033,48.0,-35.0,5.0,10.44309,18.56106,72.41409999999999,0.095951029176346,10.477,0.6778000000000001,0.62678,0.051020000000000065
flight_033,49.0,-35.0,5.0,10.41559,18.87126,71.8563,0.08880974045677646,10.477,0.67256,0.6216,0.050960000000000005
flight_034,0.0,-35.0,10.0,10.63946,23.19318,99.6144,1.0114615217594785,9.900400000000001,0.93239,0.86997,0.06242000000000003
flight_034,1.0,-35.0,10.0,10.57293,23.480600000000003,98.932,2.432321907149627,10.0955,0.92601,0.86488,0.06113000000000002
flight_034,2.0,-35.0,10.0,10.57709,23.293799999999997,98.233,2.832117592897583,10.097800000000001,0.91945,0.8594222222222222,0.06002777777777779
flight_034,3.0,-35.0,10.0,10.56565,23.36762,97.5448,2.927306658004931,10.0912,0.91302,0.85396,0.05906
flight_034,4.0,-35.0,10.0,10.63193,22.51175,96.8463,2.069980004734345,10.5089,0.90649,0.84787,0.058620000000000005
flight_034,5.0,-35.0,10.0,10.67792,21.670070000000003,96.2132,2.3926547348081795,10.6232,0.9005599999999999,0.8417,0.05885999999999991
flight_034,6.0,-35.0,10.0,10.631666666666668,22.002744444444446,95.595,2.79856159261402,10.515666666666668,0.8947666666666666,0.83567,0.059096666666666575
flight_034,7.0,-35.0,10.0,10.476519999999999,23.71989,94.95,2.854857828334014,10.496599999999999,0.88873,0.8301000000000001,0.05862999999999996
flight_034,8.0,-35.0,10.0,10.53562,22.93715,94.24170000000001,2.0078900841430536,10.8167,0.8821,0.8242100000000001,0.057889999999999886
flight_034,9.0,-35.0,10.0,10.62172,21.59449,93.5984,2.2593866446449575,10.9265,0.8760899999999999,0.8186111111111111,0.05747888888888886
flight_034,10.0,-35.0,10.0,10.70698,20.55903,92.9478,2.763715153556893,10.625200000000001,0.86997,0.81301,0.05696000000000001
flight_034,11.0,-35.0,10.0,10.83321,18.93596,92.4019,2.8466334836083127,10.515600000000001,0.86488,0.80718,0.057699999999999974
flight_034,12.0,-35.0,10.0,10.621488888888889,21.09471111111111,91.81966666666666,2.0760853118844182,10.776000000000002,0.8594222222222222,0.80135,0.05807222222222219
flight_034,13.0,-35.0,10.0,10.6494,20.87972,91.2351,2.156870049400288,10.9592,0.85396,0.79552,0.05844000000000005
flight_034,14.0,-35.0,10.0,10.50483,22.35194,90.5847,2.7368719042001217,10.6389,0.84787,0.78975,0.05812000000000006
flight_034,15.0,-35.0,10.0,10.49717,22.268449999999998,89.9266,2.847172249794522,10.5207,0.8417,0.78396,0.057740000000000014
flight_034,16.0,-35.0,10.0,10.62643,20.56577,89.2816,2.365896534085969,10.5051,0.83567,0.7784333333333333,0.05723666666666671
flight_034,17.0,-35.0,10.0,10.62945,20.49783,88.6849,0.42980699156714514,10.595,0.8301000000000001,0.77288,0.05722000000000005
flight_034,18.0,-35.0,10.0,10.52464,21.42815,88.057,0.9302470908312479,10.5016,0.8242100000000001,0.7671,0.057110000000000105
flight_034,19.0,-35.0,10.0,10.536244444444444,21.10393333333333,87.45766666666667,0.8853819988855754,10.506444444444444,0.8186111111111111,0.76133,0.057281111111111116
flight_034,20.0,-35.0,10.0,10.517,21.1833,86.86,0.7347134679587682,10.5083,0.81301,0.7554000000000001,0.05760999999999994
flight_034,21.0,-35.0,10.0,10.53294,21.045769999999997,86.2362,0.7176656672852617,10.5033,0.80718,0.7495700000000001,0.05760999999999994
flight_034,22.0,-35.0,10.0,10.52967,20.91408,85.613,0.6697087277316909,10.5039,0.80135,0.7441333333333333,0.05721666666666669
flight_034,23.0,-35.0,10.0,10.51751,20.73288,84.9923,0.6214756069227496,10.5033,0.79552,0.73863,0.056889999999999996
flight_034,24.0,-35.0,10.0,10.47715,20.99409,84.3754,0.5810534743033553,10.503,0.78975,0.7329399999999999,0.05681000000000003
flight_034,25.0,-35.0,10.0,10.46339,21.02251,83.7553,0.5409085874711179,10.503,0.78396,0.72721,0.05674999999999997
flight_034,26.0,-35.0,10.0,10.467222222222222,20.889944444444446,83.16477777777779,0.5096808248402882,10.503,0.7784333333333333,0.72149,0.056943333333333346
flight_034,27.0,-35.0,10.0,10.47041,20.73085,82.5725,0.4721774348695626,10.5021,0.77288,0.71582,0.05706
flight_034,28.0,-35.0,10.0,10.45484,20.773490000000002,81.956,0.4393247204517406,10.502,0.7671,0.70999,0.057109999999999994
flight_034,29.0,-35.0,10.0,10.4033,21.11182,81.3392,0.4085162665059985,10.502,0.76133,0.7044444444444444,0.05688555555555552
flight_034,30.0,-35.0,10.0,10.380889999999999,21.382089999999998,80.7068,0.37978838844809354,10.502,0.7554000000000001,0.69892,0.056480000000000086
flight_034,31.0,-35.0,10.0,10.41985,20.70127,80.0814,0.3526341588672317,10.502,0.7495700000000001,0.69323,0.05634000000000006
flight_034,32.0,-35.0,10.0,10.395088888888889,20.727355555555555,79.50055555555555,0.33156480847976344,10.502,0.7441333333333333,0.6875199999999999,0.056613333333333404
flight_034,33.0,-35.0,10.0,10.40955,20.645919999999997,78.91420000000001,0.30663915275124276,10.502,0.73863,0.68177,0.05686000000000002
flight_034,34.0,-35.0,10.0,10.40174,20.6512,78.3047,0.2845070297901266,10.502,0.7329399999999999,0.67611,0.056829999999999936
flight_034,35.0,-35.0,10.0,10.36689,20.6449,77.69200000000001,0.2643064320064875,10.502,0.72721,0.6704800000000001,0.05672999999999995
flight_034,36.0,-35.0,10.0,10.39565,20.43201,77.08279999999999,0.24533507698655732,10.502,0.72149,0.6650777777777778,0.0564122222222222
flight_034,37.0,-35.0,10.0,10.35563,20.56548,76.475,0.22788251358978817,10.5015,0.71582,0.65969,0.05613000000000001
flight_034,38.0,-35.0,10.0,10.28792,21.2328,75.8551,0.21153763258578837,10.501,0.70999,0.6540199999999999,0.055970000000000075
flight_034,39.0,-35.0,10.0,10.304122222222222,20.840755555555557,75.26044444444443,0.19862132840852068,10.501,0.7044444444444444,0.64828,0.05616444444444446
flight_034,40.0,-35.0,10.0,10.27845,20.77424,74.672,0.1834442967224656,10.501,0.69892,0.6425799999999999,0.05634000000000006
flight_034,41.0,-35.0,10.0,10.34058,20.4568,74.0616,0.1700778939192275,10.501,0.69323,0.63689,0.05634000000000006
flight_034,42.0,-35.0,10.0,10.29511,20.60035,73.45309999999999,0.15802088469566294,10.501,0.6875199999999999,0.6313888888888889,0.05613111111111102
flight_034,43.0,-35.0,10.0,10.28861,20.45568,72.8391,0.14648402643291863,10.501,0.68177,0.62599,0.05577999999999994
flight_034,44.0,-35.0,10.0,10.28824,20.42432,72.2343,0.13598841862452848,10.501,0.67611,0.6203000000000001,0.055809999999999915
flight_034,45.0,-35.0,10.0,10.27594,20.3462,71.6327,0.12620526930362297,10.501,0.6704800000000001,0.61456,0.05592000000000008
flight_034,46.0,-35.0,10.0,10.248,20.472522222222224,71.05566666666667,0.11836692272362973,10.501,0.6650777777777778,0.6089,0.05617777777777777
flight_034,47.0,-35.0,10.0,10.26391,20.383789999999998,70.4803,0.10955373110944237,10.501,0.65969,0.6032,0.05649000000000004
flight_034,48.0,-35.0,10.0,10.2262,20.61798,69.8739,0.10161830543755392,10.501,0.6540199999999999,0.5974700000000001,0.05654999999999988
flight_034,49.0,-35.0,10.0,10.20111,20.57481,69.2604,0.0942677569479618,10.501,0.64828,0.5921555555555555,0.05612444444444442
flight_035,0.0,-35.0,10.0,10.52314,24.35307,99.603,1.0121607036434481,9.924800000000001,0.9322699999999999,0.8663000000000001,0.06596999999999986
flight_035,1.0,-35.0,10.0,10.407770000000001,25.333940000000002,98.8644,2.4307234848908665,10.119499999999999,0.9253500000000001,0.86043,0.06492000000000009
flight_035,2.0,-35.0,10.0,10.44151,25.117510000000003,98.1178,2.8303173691301833,10.1218,0.9183600000000001,0.85481,0.0635500000000001
flight_035,3.0,-35.0,10.0,10.39231,25.29432,97.3681,2.9253066625569364,10.1152,0.91135,0.8494777777777778,0.06187222222222222
flight_035,4.0,-35.0,10.0,10.52247,23.5184,96.6346,2.068122755060734,10.5287,0.9045099999999999,0.84374,0.06076999999999988
flight_035,5.0,-35.0,10.0,10.46233,23.99005,95.9396,2.3920110325832526,10.6354,0.898,0.83755,0.060450000000000004
flight_035,6.0,-35.0,10.0,10.375766666666667,25.048433333333335,95.25411111111111,2.7981130546614206,10.520555555555555,0.8915777777777778,0.83123,0.06034777777777778
flight_035,7.0,-35.0,10.0,10.40476,24.580270000000002,94.5518,2.854441116926394,10.4986,0.88501,0.82528,0.05972999999999995
flight_035,8.0,-35.0,10.0,10.51103,22.976390000000002,93.82509999999999,1.997839045068446,10.7898,0.8781800000000001,0.81952,0.058660000000000045
flight_035,9.0,-35.0,10.0,10.6531,21.219749999999998,93.19590000000001,2.2675826710398015,10.9006,0.8722899999999999,0.8138,0.05848999999999993
flight_035,10.0,-35.0,10.0,10.57148,21.86347,92.5515,2.7665236199967644,10.6239,0.8663000000000001,0.8083555555555555,0.057944444444444576
flight_035,11.0,-35.0,10.0,10.67418,20.619239999999998,91.9263,2.845772636736814,10.5197,0.86043,0.80285,0.057580000000000076
flight_035,12.0,-35.0,10.0,10.74568,19.68903,91.3263,1.9706492153602577,10.7958,0.85481,0.79708,0.05772999999999995
flight_035,13.0,-35.0,10.0,10.608733333333333,21.191188888888888,90.75577777777778,2.2132275577134455,10.930222222222222,0.8494777777777778,0.79131,0.05816777777777782
flight_035,14.0,-35.0,10.0,10.51041,21.942590000000003,90.1417,2.737533581529184,10.638,0.84374,0.78567,0.058070000000000066
flight_035,15.0,-35.0,10.0,10.467490000000002,22.62888,89.4822,2.8460896173522015,10.5261,0.83755,0.78002,0.05752999999999997
flight_035,16.0,-35.0,10.0,10.42412,22.938409999999998,88.8061,2.37600440656157,10.536100000000001,0.83123,0.77435,0.05688000000000004
flight_035,17.0,-35.0,10.0,10.65771,20.114150000000002,88.1704,0.47540629991618755,10.620000000000001,0.82528,0.7689777777777778,0.056302222222222253
flight_035,18.0,-35.0,10.0,10.55416,20.84584,87.5569,0.9637676120310332,10.5119,0.81952,0.76353,0.055989999999999984
flight_035,19.0,-35.0,10.0,10.59296,20.53445,86.9435,0.9141217260299637,10.5207,0.8138,0.75786,0.05593999999999999
flight_035,20.0,-35.0,10.0,10.538322222222222,20.672900000000002,86.36111111111111,0.777828736425877,10.524999999999999,0.8083555555555555,0.75219,0.05616555555555547
flight_035,21.0,-35.0,10.0,10.526,20.82533,85.7754,0.7555276169671099,10.5212,0.80285,0.74651,0.056339999999999946
flight_035,22.0,-35.0,10.0,10.48746,21.02463,85.1596,0.7072704150464658,10.522,0.79708,0.74099,0.05608999999999997
flight_035,23.0,-35.0,10.0,10.55848,20.225749999999998,84.541,0.6578859019617307,10.522,0.79131,0.73541,0.05589999999999995
flight_035,24.0,-35.0,10.0,10.526250000000001,20.457,83.939,0.6157922052121153,10.522,0.78567,0.7300777777777778,0.055592222222222154
flight_035,25.0,-35.0,10.0,10.52295,20.365389999999998,83.3361,0.5746112163889598,10.521,0.78002,0.72473,0.05529000000000006
flight_036,0.0,-35.0,10.0,10.498099999999999,24.82549,99.6002,1.0073844052793353,9.946299999999999,0.93224,0.8663700000000001,0.06586999999999987
flight_036,1.0,-35.0,10.0,10.42653,25.47954,98.8469,2.4278265547604505,10.1414,0.92522,0.8601000000000001,0.06511999999999996
flight_036,2.0,-35.0,10.0,10.40218,25.43196,98.0925,2.8284169211769328,10.1439,0.91816,0.8543200000000001,0.0638399999999999
flight_036,3.0,-35.0,10.0,10.37401,25.647820000000003,97.33250000000001,2.92340666688711,10.1372,0.91102,0.8490444444444445,0.06197555555555556
flight_036,4.0,-35.0,10.0,10.50757,23.91321,96.5894,2.0683129042773003,10.5491,0.9040699999999999,0.8434200000000001,0.06064999999999987
flight_036,5.0,-35.0,10.0,10.463930000000001,23.8722,95.8957,2.392293443539066,10.6504,0.8975899999999999,0.83727,0.06031999999999993
flight_036,6.0,-35.0,10.0,10.618877777777778,22.202044444444443,95.24122222222223,2.7974988895506354,10.524222222222223,0.8914555555555554,0.8310299999999999,0.06042555555555551
flight_036,7.0,-35.0,10.0,10.58352,22.4947,94.62620000000001,2.8548071055677298,10.4972,0.8856999999999999,0.82506,0.060639999999999916
flight_036,8.0,-35.0,10.0,10.49034,23.29568,93.9203,2.0073841012621374,10.812899999999999,0.8791,0.81938,0.059719999999999995
flight_036,9.0,-35.0,10.0,10.5305,22.773919999999997,93.25280000000001,2.261380642439481,10.922,0.87285,0.81362,0.059230000000000005
flight_036,10.0,-35.0,10.0,10.431799999999999,23.58568,92.5609,2.7637795950473327,10.6241,0.8663700000000001,0.8082777777777778,0.05809222222222232
flight_036,11.0,-35.0,10.0,10.590489999999999,21.663249999999998,91.89020000000001,2.84595464826831,10.5196,0.8601000000000001,0.8028700000000001,0.05723
flight_036,12.0,-35.0,10.0,10.7464,19.65172,91.2731,1.9756860125029987,10.7883,0.8543200000000001,0.79719,0.057130000000000125
flight_036,13.0,-35.0,10.0,10.636911111111111,20.817855555555557,90.71066666666667,2.221172188032456,10.921666666666667,0.8490444444444445,0.79155,0.057494444444444515
flight_036,14.0,-35.0,10.0,10.55308,21.66585,90.1111,2.7397233254472977,10.635299999999999,0.8434200000000001,0.78586,0.057560000000000056
flight_036,15.0,-35.0,10.0,10.46645,22.37706,89.4522,2.8458811798808465,10.5275,0.83727,0.7801899999999999,0.05708000000000002
flight_036,16.0,-35.0,10.0,10.41231,23.0465,88.78569999999999,2.3396851518954427,10.4911,0.8310299999999999,0.77453,0.056499999999999884
flight_036,17.0,-35.0,10.0,10.63469,19.96491,88.1466,0.4093933805033979,10.5679,0.82506,0.7692111111111112,0.05584888888888884
flight_036,18.0,-35.0,10.0,10.57085,20.84809,87.5402,0.931824709910614,10.4829,0.81938,0.76384,0.055540000000000034
flight_036,19.0,-35.0,10.0,10.59621,20.44281,86.9244,0.8675329849636843,10.4864,0.81362,0.7581800000000001,0.055439999999999934
flight_036,20.0,-35.0,10.0,10.613088888888889,20.17558888888889,86.35455555555556,0.7448301239747536,10.485888888888889,0.8082777777777778,0.7526200000000001,0.055657777777777695
flight_036,21.0,-35.0,10.0,10.55181,20.516939999999998,85.7767,0.7244779085658857,10.4812,0.8028700000000001,0.74699,0.05588000000000004
flight_036,22.0,-35.0,10.0,10.5495,20.49023,85.17060000000001,0.6790610355483518,10.481,0.79719,0.74132,0.055869999999999975
flight_036,23.0,-35.0,10.0,10.52786,20.446109999999997,84.567,0.6330695222485442,10.4804,0.79155,0.73569,0.05586000000000002
flight_036,24.0,-35.0,10.0,10.52842,20.39705,83.9586,0.593836383189848,10.48,0.78586,0.7303666666666666,0.055493333333333394
flight_036,25.0,-35.0,10.0,10.52404,20.38225,83.3543,0.5554686759845239,10.48,0.7801899999999999,0.72504,0.05514999999999992
flight_036,26.0,-35.0,10.0,10.53499,20.13244,82.7504,0.5189304095926544,10.48,0.77453,0.7193799999999999,0.05515000000000014
flight_036,27.0,-35.0,10.0,10.490844444444443,20.386499999999998,82.1798888888889,0.4903376135976537,10.479555555555557,0.7692111111111112,0.71375,0.05546111111111118
flight_036,28.0,-35.0,10.0,10.48188,20.378989999999998,81.6075,0.4557420542368238,10.479,0.76384,0.7081500000000001,0.055689999999999906
flight_036,29.0,-35.0,10.0,10.49821,20.17661,81.0023,0.42551279651733154,10.479,0.7581800000000001,0.70253,0.05565000000000009
flight_036,30.0,-35.0,10.0,10.46985,20.19688,80.4075,0.39708467610825776,10.479,0.7526200000000001,0.69697,0.05565000000000009
flight_036,31.0,-35.0,10.0,10.443439999999999,20.335810000000002,79.8071,0.37028266230003265,10.479,0.74699,0.6915888888888888,0.055401111111111234
flight_036,32.0,-35.0,10.0,10.45106,20.18374,79.2019,0.3453967573675236,10.479,0.74132,0.6862999999999999,0.05502000000000007
flight_036,33.0,-35.0,10.0,10.41188,20.43293,78.5992,0.32201133520421293,10.479,0.73569,0.68071,0.05497999999999992
flight_036,34.0,-35.0,10.0,10.428355555555555,20.062255555555556,78.03033333333333,0.303243413615588,10.479,0.7303666666666666,0.67519,0.05517666666666665
flight_036,35.0,-35.0,10.0,10.38628,20.40565,77.46000000000001,0.281494582541121,10.479,0.72504,0.6697,0.055340000000000056
flight_036,36.0,-35.0,10.0,10.42129,20.101390000000002,76.8566,0.26239043427686154,10.479,0.7193799999999999,0.6641199999999999,0.055259999999999976
flight_036,37.0,-35.0,10.0,10.36665,20.35271,76.25710000000001,0.24433591631194954,10.479,0.71375,0.6589,0.054849999999999954
flight_036,38.0,-35.0,10.0,10.35914,20.26194,75.65610000000001,0.22773546056773855,10.479,0.7081500000000001,0.6536299999999999,0.054520000000000124
flight_036,39.0,-35.0,10.0,10.35871,19.964949999999998,75.0566,0.21209962281908945,10.479,0.70253,0.6481,0.05442999999999998
flight_036,40.0,-35.0,10.0,10.35031,20.19212,74.4627,0.19747252973515075,10.478,0.69697,0.64257,0.054400000000000004
flight_036,41.0,-35.0,10.0,10.3474,20.22557777777778,73.88888888888889,0.1861027527144648,10.478,0.6915888888888888,0.63701,0.054578888888888843
flight_036,42.0,-35.0,10.0,10.32087,20.31731,73.3235,0.17267822676875044,10.478,0.6862999999999999,0.63144,0.05485999999999991
flight_036,43.0,-35.0,10.0,10.33642,19.871270000000003,72.726,0.16056590547186536,10.478,0.68071,0.6261111111111111,0.054598888888888975
flight_036,44.0,-35.0,10.0,10.34126,19.84934,72.1353,0.14955621016861853,10.478,0.67519,0.6207900000000001,0.05439999999999989
flight_036,45.0,-35.0,10.0,10.298300000000001,19.93803,71.54929999999999,0.139240116345829,10.478,0.6697,0.6151500000000001,0.054549999999999876
flight_036,46.0,-35.0,10.0,10.29647,19.94433,70.9548,0.12958641904150295,10.478,0.6641199999999999,0.60958,0.05453999999999992
flight_036,47.0,-35.0,10.0,10.2871,19.825266666666668,70.39377777777777,0.12222272727168379,10.478,0.6589,0.60407,0.054830000000000045
flight_036,48.0,-35.0,10.0,10.28497,19.938390000000002,69.8326,0.11321378007998852,10.478,0.6536299999999999,0.59849,0.05513999999999997
flight_036,49.0,-35.0,10.0,10.26906,19.82179,69.24199999999999,0.10537219747162911,10.478,0.6481,0.59291,0.05518999999999996
